6.889914521438459394e-01,-7.785280100597445907e-01,0.000000000000000000e+00
3.653205668873443779e-01,-9.403651875970855389e-01,0.000000000000000000e+00
-1.224528625976236962e-01,-9.903998548036758720e-01,0.000000000000000000e+00
6.189669120806484681e-01,9.602155251880204467e-01,0.000000000000000000e+00
-6.832068588241891893e-01,-6.743174524250914459e-01,0.000000000000000000e+00
-3.246371809801767427e-01,-9.695378939090338877e-01,0.000000000000000000e+00
-3.143506201868052630e-01,-8.184967472665687360e-01,0.000000000000000000e+00
4.831882592970710988e-01,-8.923609832777807949e-01,0.000000000000000000e+00
7.308870347915416010e-01,-5.981765324784295013e-01,0.000000000000000000e+00
1.302818444256886865e-01,-1.048426117898671572e+00,0.000000000000000000e+00
6.779388662424259415e-01,-6.422530750684168899e-01,0.000000000000000000e+00
-1.013909619355910285e+00,1.206675857217046066e-01,0.000000000000000000e+00
-4.872448485918284833e-02,-9.661627684907188041e-01,0.000000000000000000e+00
9.076332672087066289e-01,-4.560295324649528692e-01,0.000000000000000000e+00
1.056865710653358992e+00,-4.810819253171262355e-01,0.000000000000000000e+00
-8.442185736157241660e-01,2.822973985479767522e-01,0.000000000000000000e+00
1.135680604115117509e+00,-1.692972834008781291e-01,0.000000000000000000e+00
-3.301444248171963025e-01,8.500575375794242605e-01,0.000000000000000000e+00
5.812539625240980001e-01,-7.496785088515095508e-01,0.000000000000000000e+00
-3.039741556424544466e-01,-1.073636036836580709e+00,0.000000000000000000e+00
-7.558297256909433104e-01,-8.174304053847376572e-01,0.000000000000000000e+00
-7.837545647905143076e-01,6.062954749465412352e-01,0.000000000000000000e+00
-2.883862812433222178e-01,8.749948563925468159e-01,0.000000000000000000e+00
-6.213775550270389525e-01,-7.541087023809834866e-01,0.000000000000000000e+00
-5.573012402425472356e-01,-9.021535534218390051e-01,0.000000000000000000e+00
-1.031743834837040019e+00,2.771698812009039670e-01,0.000000000000000000e+00
-9.893888931574362777e-01,-3.623226855540652713e-01,0.000000000000000000e+00
5.082766806883276534e-01,-7.298260721926910222e-01,0.000000000000000000e+00
3.480290496166891789e-01,-8.561577232525900971e-01,0.000000000000000000e+00
-1.008656447973538928e+00,4.563373059242102348e-01,0.000000000000000000e+00
-2.793153910568806353e-01,8.908287074406355810e-01,0.000000000000000000e+00
-3.765658818614283643e-01,9.118847052802822040e-01,0.000000000000000000e+00
1.020231760313550673e+00,-1.626312145542762599e-01,0.000000000000000000e+00
1.033372402777894550e+00,3.613416568233312337e-02,0.000000000000000000e+00
-6.262339593994460385e-01,-7.095527030646979760e-01,0.000000000000000000e+00
-1.015858593907173812e+00,-2.685892539093864828e-01,0.000000000000000000e+00
-7.171728256335173635e-01,-5.257309769757535500e-01,0.000000000000000000e+00
4.031865557717196902e-01,-1.060315259969828672e+00,0.000000000000000000e+00
2.562754242199106192e-01,-9.135815769373414330e-01,0.000000000000000000e+00
9.766835400808037138e-01,-3.235450037184485761e-01,0.000000000000000000e+00
-9.641446192075832089e-01,5.298136148950981922e-02,0.000000000000000000e+00
-7.078291919864911907e-01,7.105397087163523029e-01,0.000000000000000000e+00
-1.601196756427088197e-01,-8.790261916632672312e-01,0.000000000000000000e+00
9.376299011055064803e-01,-4.430833554845846067e-01,0.000000000000000000e+00
-7.396037687676286776e-01,-5.367565529807478697e-01,0.000000000000000000e+00
1.612284165008395498e-01,-9.645010106992155663e-01,0.000000000000000000e+00
-4.063724448448453597e-01,-9.814963446585067697e-01,0.000000000000000000e+00
5.227375003939914722e-01,-8.625109787264076955e-01,0.000000000000000000e+00
2.809317116959188232e-02,-9.466029163622750042e-01,0.000000000000000000e+00
8.283603933771859218e-01,-6.022287379575128607e-01,0.000000000000000000e+00
-9.057016860285932447e-01,-5.332944979978093691e-01,0.000000000000000000e+00
2.907533244664739502e-01,-8.800975574698924886e-01,0.000000000000000000e+00
-6.139825393932772934e-01,7.038049662526161265e-01,0.000000000000000000e+00
9.672510003243887100e-01,-1.400133350316533909e-01,0.000000000000000000e+00
1.908065682796031837e-01,-9.752363596786787214e-01,0.000000000000000000e+00
9.397754993244268329e-01,3.505268084063756784e-01,0.000000000000000000e+00
6.169484731251824172e-01,-8.678268049728173894e-01,0.000000000000000000e+00
6.925934982003818519e-01,-4.211755100807572649e-01,0.000000000000000000e+00
8.327937514686174492e-01,-4.329188053010793458e-01,0.000000000000000000e+00
3.395267730053986299e-01,1.150751980110233053e+00,0.000000000000000000e+00
-9.736330048511909752e-01,-8.524828843404763656e-02,0.000000000000000000e+00
-2.279668939828426999e-01,-9.151298193504562306e-01,0.000000000000000000e+00
-8.884807727996288929e-01,3.736302665612590834e-01,0.000000000000000000e+00
1.047118266786482454e+00,-1.270151498299379456e-01,0.000000000000000000e+00
3.847057028576277848e-01,-8.862248983887123233e-01,0.000000000000000000e+00
8.324035120963684253e-01,-4.527758575609058811e-01,0.000000000000000000e+00
5.611591031645580818e-01,-8.856430956306566848e-01,0.000000000000000000e+00
1.052946574323696094e+00,-9.461700168975500924e-02,0.000000000000000000e+00
8.084938065694848852e-01,-5.873835057091305600e-01,0.000000000000000000e+00
-6.892255212858497959e-01,6.336934677459251652e-01,0.000000000000000000e+00
-8.516371627367426145e-01,-1.540837447489542822e-01,0.000000000000000000e+00
-3.578204632282664943e-01,-9.689209598698278469e-01,0.000000000000000000e+00
-8.904080198986753514e-01,-4.086768903277334664e-01,0.000000000000000000e+00
-8.881807365496257045e-01,-2.973773112950216513e-01,0.000000000000000000e+00
-3.894914633665146342e-01,-8.762989530882022704e-01,0.000000000000000000e+00
4.345178226805809230e-01,-9.301353098504383521e-01,0.000000000000000000e+00
-7.850595428523150510e-01,-3.865727373159160152e-01,0.000000000000000000e+00
1.102927198691747712e+00,-3.979951713592546625e-01,0.000000000000000000e+00
7.410744574773754367e-01,-9.357530886773206547e-01,0.000000000000000000e+00
-6.796559934341472875e-01,-6.199501699113388886e-01,0.000000000000000000e+00
-8.578426910050169774e-01,6.234648984172486141e-01,0.000000000000000000e+00
-8.897149934508774560e-02,-1.052151535403167637e+00,0.000000000000000000e+00
9.538863858313215704e-01,-4.078153092391483825e-01,0.000000000000000000e+00
-1.137178551102545399e+00,4.099408278388089744e-01,0.000000000000000000e+00
-7.039515739527013594e-01,-7.894563686110935841e-01,0.000000000000000000e+00
-9.493630265570243143e-01,1.377807346207207129e-01,0.000000000000000000e+00
7.157833223245354537e-01,6.866949109370199533e-01,0.000000000000000000e+00
6.896404182425370788e-01,-6.859243312599637710e-01,0.000000000000000000e+00
-7.589158430879989758e-01,-8.097743329640920695e-01,0.000000000000000000e+00
-8.200024429987705643e-01,-3.429187862632746553e-01,0.000000000000000000e+00
7.691961959535906779e-01,-1.848212670986809636e-01,0.000000000000000000e+00
7.528060959743938518e-01,-7.589082695390467759e-01,0.000000000000000000e+00
-8.272243904816032334e-01,-6.707945653080768511e-02,0.000000000000000000e+00
-9.348019080329277031e-02,-8.757392146027589419e-01,0.000000000000000000e+00
-3.773526449206038857e-01,7.978274687319210079e-01,0.000000000000000000e+00
-6.470149817123085345e-01,-8.328862565665874351e-01,0.000000000000000000e+00
8.313950926811479736e-01,-6.938171545906983706e-01,0.000000000000000000e+00
-1.134257570211540944e+00,-4.179845976473555158e-01,0.000000000000000000e+00
9.423293025793060274e-01,1.039353366500278264e-01,0.000000000000000000e+00
-1.782458232450195301e-01,-1.052205536277481590e+00,0.000000000000000000e+00
-6.461511379017222945e-01,7.481959190653653113e-01,0.000000000000000000e+00
8.438735317910345257e-01,-6.303660672340125615e-01,0.000000000000000000e+00
2.618505076018198263e-01,-9.459244343019811430e-01,0.000000000000000000e+00
-8.496574413664361725e-01,-4.732882992825090951e-01,0.000000000000000000e+00
-4.305792569077639409e-01,-8.140982680596388077e-01,0.000000000000000000e+00
-9.294522444993744692e-01,-2.834434681934089872e-01,0.000000000000000000e+00
-9.928282009986664214e-01,5.087332030692164331e-01,0.000000000000000000e+00
5.893532743226939097e-01,-4.797517879491037807e-01,0.000000000000000000e+00
-6.806056252453202005e-01,4.411577832741857552e-01,0.000000000000000000e+00
8.460290791139777333e-01,-7.576101040106870688e-01,0.000000000000000000e+00
-2.257709438444949201e-01,-9.744147764788280153e-01,0.000000000000000000e+00
8.162273879643761054e-01,-5.650675029980583020e-01,0.000000000000000000e+00
9.181237642913250710e-04,-9.574012586731746044e-01,0.000000000000000000e+00
7.083444366650302193e-01,-6.667141162060401527e-01,0.000000000000000000e+00
-8.839931870838185768e-02,-9.992316312836541092e-01,0.000000000000000000e+00
-8.978092872146806180e-03,1.160930059741455356e+00,0.000000000000000000e+00
-1.683700807858516668e-01,1.085065192499838904e+00,0.000000000000000000e+00
-6.838479758090389993e-01,-5.954480702152560312e-01,0.000000000000000000e+00
2.301160812514432275e-01,-1.018981303685073447e+00,0.000000000000000000e+00
6.255087924409827860e-01,-9.059298652702533206e-01,0.000000000000000000e+00
9.251020875991370351e-01,-4.689887992110742809e-01,0.000000000000000000e+00
2.828376264632327386e-01,-1.142107894051143102e+00,0.000000000000000000e+00
-3.787864971293368466e-02,-8.520359001575794622e-01,0.000000000000000000e+00
2.657787779452354116e-01,-1.061961702728331680e+00,0.000000000000000000e+00
3.536382496940965181e-01,-7.439212376189840992e-01,0.000000000000000000e+00
1.225838616352788735e-01,-1.052453270188687728e+00,0.000000000000000000e+00
1.136915960244691881e+00,-8.970052395220834418e-02,0.000000000000000000e+00
4.143034217627289961e-01,-9.007168765882577199e-01,0.000000000000000000e+00
-7.113364764433333098e-01,-5.631260139526709230e-01,0.000000000000000000e+00
2.757391574778767507e-01,-7.881116855625901474e-01,0.000000000000000000e+00
-7.588061595063371190e-01,4.095075655346561705e-01,0.000000000000000000e+00
-7.661560157211251276e-01,7.795899802201483597e-01,0.000000000000000000e+00
9.135344063971403417e-01,-4.475427229051531786e-01,0.000000000000000000e+00
-1.881596807083897038e-01,-9.669217028575703976e-01,0.000000000000000000e+00
3.171737476305065973e-01,7.834977451973060836e-01,0.000000000000000000e+00
-8.933429048537483430e-01,2.086958394425382154e-02,0.000000000000000000e+00
-7.519367355299502176e-01,5.553284822643254071e-01,0.000000000000000000e+00
-7.785943579322330832e-01,-6.009565164108878754e-01,0.000000000000000000e+00
-1.031604683032427972e-01,-1.021761594959848418e+00,0.000000000000000000e+00
-5.554966239389911298e-01,-9.634467798879031708e-01,0.000000000000000000e+00
6.897852148868918176e-01,-7.073020092848801843e-01,0.000000000000000000e+00
-8.814610094881599744e-01,4.555626038010665013e-01,0.000000000000000000e+00
-9.243023589549064223e-01,5.993199941177101975e-01,0.000000000000000000e+00
1.104484822813098788e+00,-2.131365268258119949e-01,0.000000000000000000e+00
-1.101926228543568920e+00,-2.801865214145415894e-01,0.000000000000000000e+00
-8.051102614568870219e-01,5.674455548409477190e-01,0.000000000000000000e+00
-1.960186121153368322e-01,-8.491961327968586826e-01,0.000000000000000000e+00
-7.556757786544682221e-01,-3.208541759731535770e-01,0.000000000000000000e+00
6.720635550118069235e-01,-8.216827896043253920e-01,0.000000000000000000e+00
1.188066752603321952e+00,-3.276256221741014052e-01,0.000000000000000000e+00
-7.572583931844044658e-01,-6.152284472312077312e-01,0.000000000000000000e+00
5.802730007601124562e-01,-9.735662192157354955e-01,0.000000000000000000e+00
3.487821306519914288e-01,8.599371659476297003e-01,0.000000000000000000e+00
1.762263404119899790e-01,-1.076417514867252345e+00,0.000000000000000000e+00
-8.751259248770584254e-01,-1.740368136207826877e-01,0.000000000000000000e+00
-3.118788253181370984e-01,-9.844578606106118013e-01,0.000000000000000000e+00
7.255682984327606055e-01,-7.749639292401564461e-01,0.000000000000000000e+00
-8.929019247742671084e-01,-3.907595246735433014e-01,0.000000000000000000e+00
-3.926427708553197338e-01,6.318902950126688012e-01,0.000000000000000000e+00
7.575903195208669727e-01,-4.660019158623628366e-01,0.000000000000000000e+00
-7.127859716616036234e-01,-4.705098212156747506e-01,0.000000000000000000e+00
6.333532354355908556e-01,8.933705310829592738e-01,0.000000000000000000e+00
7.960042453630978843e-01,-7.695760955828004901e-01,0.000000000000000000e+00
1.082691306627733940e+00,-4.689782619182998880e-01,0.000000000000000000e+00
-8.050961000092249353e-02,-8.979983159006751370e-01,0.000000000000000000e+00
1.004085625713228014e+00,-2.053425172196436110e-01,0.000000000000000000e+00
-7.970863614636427563e-01,4.367742855041338301e-01,0.000000000000000000e+00
-9.143600459001683944e-01,3.113916128590572818e-02,0.000000000000000000e+00
7.455570322605890032e-01,-6.249706952689056960e-01,0.000000000000000000e+00
7.146086156584192661e-01,-7.957470609292255359e-01,0.000000000000000000e+00
6.231892552584247236e-01,-5.356875299643641952e-01,0.000000000000000000e+00
-9.784795538084126720e-01,1.414033051230594376e-02,0.000000000000000000e+00
2.922063599892302799e-01,-1.145201455087172082e+00,0.000000000000000000e+00
-6.412560165719191074e-01,9.271023928445870643e-01,0.000000000000000000e+00
-7.887999695665651734e-01,3.783003938765553964e-01,0.000000000000000000e+00
-1.108230853157728513e+00,9.001039710993866128e-02,0.000000000000000000e+00
1.301495257019401608e-01,-1.071817011459627267e+00,0.000000000000000000e+00
-6.587903130016562470e-01,-8.137065055032355332e-01,0.000000000000000000e+00
4.062210406926798356e-01,-6.653824020832732611e-01,0.000000000000000000e+00
8.459020095532030492e-01,-9.393306656643157782e-02,0.000000000000000000e+00
3.913308917574628842e-01,-9.795817663934364150e-01,0.000000000000000000e+00
6.838239066564598678e-01,-8.741509986537697730e-01,0.000000000000000000e+00
-1.287260518353158245e-01,9.865592790258903566e-01,0.000000000000000000e+00
1.010713115186326672e+00,-4.200959010628319557e-01,0.000000000000000000e+00
5.623717539161376955e-01,-9.018498352907585724e-01,0.000000000000000000e+00
-6.126688740990143822e-01,-6.118182964494081055e-01,0.000000000000000000e+00
-1.027211300809994565e+00,4.564562053673811015e-02,0.000000000000000000e+00
4.734747916986975502e-01,-7.664056056316257415e-01,0.000000000000000000e+00
-1.043130133485934197e+00,5.105094742769010763e-01,0.000000000000000000e+00
6.302769917066189942e-01,-9.631602529977517646e-01,0.000000000000000000e+00
8.100826341212602477e-01,9.378231690157642908e-02,0.000000000000000000e+00
4.276458179138377669e-01,-8.231135824128991141e-01,0.000000000000000000e+00
7.298866334943623357e-01,-8.388631919093614275e-01,0.000000000000000000e+00
4.532586513900728753e-01,6.251430558189515763e-01,0.000000000000000000e+00
5.748739315395771099e-01,7.268239294160099284e-01,0.000000000000000000e+00
-9.696013999007974116e-01,-3.090878726404708288e-01,0.000000000000000000e+00
-5.823499407563874630e-01,-8.514618176353044854e-01,0.000000000000000000e+00
-6.904523456587129404e-01,-6.697195641394851906e-01,0.000000000000000000e+00
-9.282560878734346099e-01,1.378819140504128626e-01,0.000000000000000000e+00
-2.971768140938731984e-01,-1.104950870715133426e+00,0.000000000000000000e+00
-1.409372589034992851e-01,-1.909915554953075301e+00,1.000000000000000000e+00
-1.852612675573283907e+00,-6.167042802560425141e-01,1.000000000000000000e+00
1.425776881311598965e+00,-1.296518570641371548e+00,1.000000000000000000e+00
-1.210017624322258234e+00,-1.339500714071047538e+00,1.000000000000000000e+00
-2.071085599325096727e+00,2.485003731986677455e-01,1.000000000000000000e+00
-2.021295683617459815e+00,-2.055118105095723458e-01,1.000000000000000000e+00
-1.316072968761127893e+00,1.642838754612947039e+00,1.000000000000000000e+00
4.963433655407581968e-01,-1.984535996939615687e+00,1.000000000000000000e+00
5.641110509210648383e-01,1.836619551736320188e+00,1.000000000000000000e+00
-1.407577098524324999e+00,-1.575971047063728703e+00,1.000000000000000000e+00
-1.773558551484531787e+00,8.448799764779120203e-01,1.000000000000000000e+00
-2.643937174335561080e-01,-2.110498861109802338e+00,1.000000000000000000e+00
1.534665270574986140e+00,-1.130168432533080081e+00,1.000000000000000000e+00
-1.641134447047465139e+00,-1.182839616712059616e+00,1.000000000000000000e+00
-1.587562563635316559e+00,1.409023534471073091e+00,1.000000000000000000e+00
1.881105928319470877e-03,1.958091608363711211e+00,1.000000000000000000e+00
-4.655997662619010824e-01,-2.048403235630170904e+00,1.000000000000000000e+00
-8.282505911121393893e-01,-1.852240192630008719e+00,1.000000000000000000e+00
1.150344224893399714e+00,-1.784957291139753766e+00,1.000000000000000000e+00
-1.667250851059703054e+00,1.157027989606656204e+00,1.000000000000000000e+00
-2.454197986297854683e-01,-2.018840037274792998e+00,1.000000000000000000e+00
-1.944692303342815620e+00,8.128945462230154906e-01,1.000000000000000000e+00
-1.301839351158771807e+00,-1.623467894304501558e+00,1.000000000000000000e+00
-1.909570126266445733e+00,3.213731767834943631e-01,1.000000000000000000e+00
1.701184529547750124e+00,-4.820509934002596975e-01,1.000000000000000000e+00
-1.712892017786545873e+00,-9.106646817324726140e-01,1.000000000000000000e+00
1.132818157473456600e+00,-1.711939365314613992e+00,1.000000000000000000e+00
8.162526625491031140e-01,-1.941145834714286256e+00,1.000000000000000000e+00
6.832120504187549903e-01,-1.862850452783240573e+00,1.000000000000000000e+00
1.381342593722578505e+00,-1.587168431383348954e+00,1.000000000000000000e+00
1.981561717370345699e+00,-1.957156309245993153e-01,1.000000000000000000e+00
-1.517039373189390083e+00,1.594632134137977664e+00,1.000000000000000000e+00
6.935001460720640054e-01,-1.867748610405195242e+00,1.000000000000000000e+00
-1.773061991516667657e+00,-1.018307937786802952e+00,1.000000000000000000e+00
6.853336003007498567e-01,-1.917365315968978967e+00,1.000000000000000000e+00
1.793388271327222450e+00,-8.448032988723243042e-01,1.000000000000000000e+00
-1.953006926081938044e+00,7.350008685882388759e-01,1.000000000000000000e+00
1.870652427962437914e+00,-8.699863572344070928e-01,1.000000000000000000e+00
-2.249105076833400330e-01,-1.829596571575151209e+00,1.000000000000000000e+00
-1.715368630431731933e+00,1.041591699447667274e+00,1.000000000000000000e+00
2.077535795256946649e+00,-4.729291241721816919e-01,1.000000000000000000e+00
-9.313361004231170970e-01,-2.006966788169668447e+00,1.000000000000000000e+00
-2.007348510813758313e+00,-9.398637226461221683e-01,1.000000000000000000e+00
-1.677368614081886866e+00,1.182585331062713463e+00,1.000000000000000000e+00
-6.197181258052772979e-01,-1.988875446260003121e+00,1.000000000000000000e+00
-6.076133201711361176e-01,1.874858331453697291e+00,1.000000000000000000e+00
2.329538668228597065e-01,2.025011768029575165e+00,1.000000000000000000e+00
-2.180009643325942381e+00,-4.479986346840080236e-01,1.000000000000000000e+00
-4.012331709192157314e-03,-1.964026083600169503e+00,1.000000000000000000e+00
-1.279754661669726845e+00,-1.579005521732498529e+00,1.000000000000000000e+00
1.524659443321014773e-01,-2.173681958679364090e+00,1.000000000000000000e+00
1.829153067356284135e+00,-7.528401471364705166e-01,1.000000000000000000e+00
-1.927328079309589270e+00,5.529286970494203812e-01,1.000000000000000000e+00
1.446936884553675640e+00,-1.467202336602565715e+00,1.000000000000000000e+00
-9.237442059365673641e-01,-1.759999089760380775e+00,1.000000000000000000e+00
-1.979402554244507284e+00,1.714550067207353257e-01,1.000000000000000000e+00
2.047836870154479794e+00,1.123727270774517173e-01,1.000000000000000000e+00
1.922814426287013712e+00,-7.231819564752723917e-01,1.000000000000000000e+00
-4.145892753681042486e-01,-1.943712543518315128e+00,1.000000000000000000e+00
-1.961095441290773955e+00,-4.722992798672925874e-01,1.000000000000000000e+00
5.538892691744630170e-01,-1.961251519213121242e+00,1.000000000000000000e+00
1.720705385233997076e+00,-8.472678618218021374e-01,1.000000000000000000e+00
2.351911851023536226e-01,-2.128668807037961574e+00,1.000000000000000000e+00
1.287275363065765399e+00,-1.414499880400236442e+00,1.000000000000000000e+00
-1.167210402073852071e+00,1.692677040164009661e+00,1.000000000000000000e+00
1.897131110558198497e+00,-1.622289250368877389e-01,1.000000000000000000e+00
1.762584100436118462e+00,-1.390017971904417893e+00,1.000000000000000000e+00
-1.416821853165796341e+00,-1.577693726172343158e+00,1.000000000000000000e+00
-3.210819653480077029e-01,-2.140153530219923272e+00,1.000000000000000000e+00
-1.483746832005277350e+00,1.355917174438479478e+00,1.000000000000000000e+00
1.669164951763113747e+00,-9.277563209226525887e-01,1.000000000000000000e+00
-1.909040687206220221e+00,4.502220075601381377e-01,1.000000000000000000e+00
-1.060127189780333046e+00,1.669409132741699331e+00,1.000000000000000000e+00
1.409940814162941924e+00,-1.491965541814203267e+00,1.000000000000000000e+00
-2.088504323573348032e+00,-2.366357545957760156e-01,1.000000000000000000e+00
1.869013721591525234e+00,-8.183898188971777676e-02,1.000000000000000000e+00
2.141365534219653366e+00,-5.198338077591255768e-01,1.000000000000000000e+00
-9.592383578986803938e-01,-1.530721045278047532e+00,1.000000000000000000e+00
8.670515042036242015e-01,1.895344597606936521e+00,1.000000000000000000e+00
-1.203825935057557084e+00,-1.306731598548562356e+00,1.000000000000000000e+00
-1.440023116904782130e+00,1.272610685160917576e+00,1.000000000000000000e+00
1.743354371750273746e+00,-9.141503677187160504e-01,1.000000000000000000e+00
9.275962050507798873e-01,-1.869845981652802358e+00,1.000000000000000000e+00
-9.863157132265962801e-01,1.832092896355276279e+00,1.000000000000000000e+00
1.814031898980015711e+00,-1.920329169202101838e-01,1.000000000000000000e+00
-1.674372571244877816e+00,-1.418025736658212965e+00,1.000000000000000000e+00
-1.605167612262776933e+00,-1.138885277389042550e+00,1.000000000000000000e+00
-1.750152110298728303e+00,-6.910464756222951532e-01,1.000000000000000000e+00
-3.812980083436101064e-01,-1.986170758852581653e+00,1.000000000000000000e+00
2.160712049087971209e+00,-1.735231240132041053e-01,1.000000000000000000e+00
-8.571262595159798714e-01,-1.612847715215309563e+00,1.000000000000000000e+00
1.885244440477047645e+00,-8.828490040416564488e-01,1.000000000000000000e+00
-4.274780863459272107e-01,-2.005731464341534931e+00,1.000000000000000000e+00
-6.641165944663101062e-01,1.701125561006396003e+00,1.000000000000000000e+00
-1.747718595231173122e+00,1.163800677757411473e+00,1.000000000000000000e+00
-1.849191187629894984e+00,2.575061947526597339e-01,1.000000000000000000e+00
1.407391895607920773e+00,-1.534674947116902777e+00,1.000000000000000000e+00
1.847712694949770640e+00,-1.175934661099924616e+00,1.000000000000000000e+00
-3.363754875590784787e-01,-1.883909127034467890e+00,1.000000000000000000e+00
1.881954368017920265e+00,-6.265733772591025597e-01,1.000000000000000000e+00
1.328985951417464451e+00,-1.342648083277394822e+00,1.000000000000000000e+00
-1.484990630647995413e+00,-1.398218866134778304e+00,1.000000000000000000e+00
-1.828318834749958821e+00,-6.895280347873684601e-01,1.000000000000000000e+00
1.681444648465511005e+00,-1.100895618869622838e+00,1.000000000000000000e+00
-1.864778896306990452e+00,-4.414136311869255036e-01,1.000000000000000000e+00
-1.562333435607113907e+00,1.417301883780156091e+00,1.000000000000000000e+00
-3.257885666991556239e-01,-1.958136664640065749e+00,1.000000000000000000e+00
7.833918533560798592e-01,-1.782354427970298749e+00,1.000000000000000000e+00
1.953903727698146131e+00,-4.990968370252698572e-01,1.000000000000000000e+00
1.240789556460526910e+00,-1.576403933223458731e+00,1.000000000000000000e+00
-1.825952147437365669e+00,4.476432006723721213e-01,1.000000000000000000e+00
4.569837026065500796e-01,-1.950974717163537431e+00,1.000000000000000000e+00
1.728076246377840075e+00,-1.043167712556790860e+00,1.000000000000000000e+00
1.651111475701137060e-02,-2.019564321505647353e+00,1.000000000000000000e+00
1.393370466282215503e+00,-1.542349089175298893e+00,1.000000000000000000e+00
1.738223571299288173e+00,-1.015372944773075936e+00,1.000000000000000000e+00
-1.409599442010111892e+00,-1.081153496022495109e+00,1.000000000000000000e+00
-4.481296970916130440e-01,2.037596280875856980e+00,1.000000000000000000e+00
-3.945546287909825756e-01,-2.037830073149531795e+00,1.000000000000000000e+00
1.096008495863868060e+00,-1.668776975062277845e+00,1.000000000000000000e+00
2.115495220390012587e+00,-3.655271289037874127e-01,1.000000000000000000e+00
2.230165860763887675e+00,-1.326038297542544708e-01,1.000000000000000000e+00
-1.805889009377252385e+00,-7.792356567208493789e-01,1.000000000000000000e+00
-9.196439376799021570e-01,1.919904878486707211e+00,1.000000000000000000e+00
-9.919352064094671961e-01,-1.658209884853864002e+00,1.000000000000000000e+00
1.881146014330077776e+00,-9.083427193811886013e-01,1.000000000000000000e+00
2.993993937522979043e-02,-2.133419202711321905e+00,1.000000000000000000e+00
5.442670909127381718e-01,1.859187062954986702e+00,1.000000000000000000e+00
-8.830176095672763736e-01,-1.863598702445006250e+00,1.000000000000000000e+00
-1.350212053249465916e+00,-1.614326893565637855e+00,1.000000000000000000e+00
-1.876495163034088698e+00,3.763684928885136505e-01,1.000000000000000000e+00
2.046473267074168767e+00,-5.353489835420655041e-01,1.000000000000000000e+00
-2.904380843083789743e-01,-1.961608412787225753e+00,1.000000000000000000e+00
1.767493610881817778e+00,-8.813487354906016646e-01,1.000000000000000000e+00
-1.380802543116500525e+00,-1.665069776784182665e+00,1.000000000000000000e+00
-3.600623697001109069e-01,-1.881343066777229067e+00,1.000000000000000000e+00
-9.525514157132040083e-01,1.852520122288272786e+00,1.000000000000000000e+00
1.179882093381362074e+00,-1.577941779853690996e+00,1.000000000000000000e+00
2.005959169638722006e+00,6.366759340292532654e-02,1.000000000000000000e+00
-1.714582740282736051e+00,1.016600333007002810e+00,1.000000000000000000e+00
-1.234839806523594818e+00,1.531453847121506895e+00,1.000000000000000000e+00
-3.656803486843998030e-01,1.891314818544212351e+00,1.000000000000000000e+00
-1.903001416815879976e+00,5.566698733691815004e-01,1.000000000000000000e+00
-4.320030018953516793e-01,-1.888269496176738116e+00,1.000000000000000000e+00
1.125997673699990820e+00,-1.615774235363418576e+00,1.000000000000000000e+00
1.409793243552571074e+00,-1.360471316480958759e+00,1.000000000000000000e+00
-1.946485989246082848e+00,-1.389203374687017212e-01,1.000000000000000000e+00
1.687907091367782719e+00,-1.133816861296224054e+00,1.000000000000000000e+00
5.806817380568294329e-01,-2.009716308706872123e+00,1.000000000000000000e+00
1.979926761103852462e+00,3.070267869110055448e-01,1.000000000000000000e+00
1.605703868884468255e+00,-1.115775927159510461e+00,1.000000000000000000e+00
7.013222396137507308e-01,-1.898606486208634259e+00,1.000000000000000000e+00
2.662325553190624805e-01,-2.032574295934118869e+00,1.000000000000000000e+00
-1.143317265055453280e+00,-1.827820818765060196e+00,1.000000000000000000e+00
6.277459910934487519e-01,-1.943895954352821143e+00,1.000000000000000000e+00
1.759409385849846297e+00,-6.834219321452970064e-01,1.000000000000000000e+00
9.647730063725626914e-01,-1.758292861111068195e+00,1.000000000000000000e+00
1.621547426336679809e+00,-1.179786390418071429e+00,1.000000000000000000e+00
1.088472618178294021e-01,-2.014741415722351103e+00,1.000000000000000000e+00
-1.841150258403676743e+00,-8.991511684185118369e-01,1.000000000000000000e+00
1.625442705153706147e+00,-9.844050551913758884e-01,1.000000000000000000e+00
1.653204249546446292e+00,-7.560021879469789319e-01,1.000000000000000000e+00
1.975891451254625508e+00,-3.595432367737501078e-01,1.000000000000000000e+00
4.807988353197784615e-01,-2.043988664583859638e+00,1.000000000000000000e+00
-2.046249820950576837e+00,3.103432665533520929e-01,1.000000000000000000e+00
2.070550555584401486e+00,-4.541197508739681643e-01,1.000000000000000000e+00
1.173771185595121391e+00,-1.388521455107705638e+00,1.000000000000000000e+00
-1.785212549073748489e+00,-1.017365094754312915e+00,1.000000000000000000e+00
-1.036902986181950981e+00,1.626151675771665639e+00,1.000000000000000000e+00
5.646504085613144319e-01,2.027243922708554802e+00,1.000000000000000000e+00
1.422665400956082404e+00,-1.245713970653221203e+00,1.000000000000000000e+00
7.155921141571012223e-01,-1.803541154169065575e+00,1.000000000000000000e+00
1.418964960061095404e+00,-1.474959038389912269e+00,1.000000000000000000e+00
8.725270895901644508e-01,-1.801963097099090749e+00,1.000000000000000000e+00
2.006778209125228862e+00,-2.879693322979474113e-01,1.000000000000000000e+00
6.540477617885365191e-01,-1.861283347969584501e+00,1.000000000000000000e+00
9.871505888588333333e-02,-1.815533812578208783e+00,1.000000000000000000e+00
-5.162391975679063716e-01,-1.921069496855899006e+00,1.000000000000000000e+00
-1.636814811677213655e+00,-1.356685271989870545e+00,1.000000000000000000e+00
1.930051142578827372e+00,-1.476951645104855881e-01,1.000000000000000000e+00
-1.308820329260231174e+00,-1.378811609507888614e+00,1.000000000000000000e+00
1.928993569103879091e+00,3.070464294016388151e-02,1.000000000000000000e+00
1.536470053358292898e+00,1.281838597859656037e+00,1.000000000000000000e+00
-6.875832545298576903e-01,-1.925533781625206053e+00,1.000000000000000000e+00
4.625357904538762721e-02,-1.995637705390423955e+00,1.000000000000000000e+00
-1.580928900608873588e+00,-1.618849519824472782e+00,1.000000000000000000e+00
3.773817648717265882e-01,-2.047395254470230075e+00,1.000000000000000000e+00
-1.094050981401554073e-01,2.023738711249702504e+00,1.000000000000000000e+00
1.811278196633546500e+00,-3.221732565001613757e-01,1.000000000000000000e+00
-1.818502170395333906e+00,2.605806081106454286e-01,1.000000000000000000e+00
1.642904280388417293e+00,-9.346375633420380691e-01,1.000000000000000000e+00
5.276696731748572455e-01,-1.893035002186790772e+00,1.000000000000000000e+00
-1.437384674567644627e+00,-1.251953212177427499e+00,1.000000000000000000e+00
-7.469272689471585513e-01,-1.775717496596872280e+00,1.000000000000000000e+00
-2.020925430658581323e+00,-6.053473489992304835e-01,1.000000000000000000e+00
-1.422549692720703973e+00,1.312224167421842003e+00,1.000000000000000000e+00
-1.470150666135662920e+00,-1.412343286942603138e+00,1.000000000000000000e+00
4.517130485942925100e-01,1.962725817507914083e+00,1.000000000000000000e+00
-8.368141266746940143e-01,-1.831523407063472053e+00,1.000000000000000000e+00
1.751891913401191214e+00,-1.105585208460337698e+00,1.000000000000000000e+00
-2.424173331274880994e+00,-1.684621278438589220e+00,2.000000000000000000e+00
2.170795032953968473e+00,-2.122467234109141287e+00,2.000000000000000000e+00
2.741347915669168356e-01,-2.913456165892230665e+00,2.000000000000000000e+00
2.425483631900748449e+00,-1.730178966800111517e+00,2.000000000000000000e+00
6.081935208755024913e-01,-2.896144835158097397e+00,2.000000000000000000e+00
2.085774508932423110e+00,-1.927720918021694319e+00,2.000000000000000000e+00
2.935505674475561655e+00,-6.308060201548428836e-01,2.000000000000000000e+00
1.225195001719006083e+00,2.800732178986994114e+00,2.000000000000000000e+00
8.911373946238068111e-01,-2.750488651893674419e+00,2.000000000000000000e+00
-2.375590916533379282e+00,-1.515191220170851949e+00,2.000000000000000000e+00
2.324111899493639832e+00,-1.856037154486760654e+00,2.000000000000000000e+00
-3.912684762802949301e-01,2.941028944785124999e+00,2.000000000000000000e+00
-3.034973751716996127e+00,2.853223709536030772e-01,2.000000000000000000e+00
7.076731685944442907e-01,2.892637311393595034e+00,2.000000000000000000e+00
-7.501103992435323997e-01,-2.824021445361996729e+00,2.000000000000000000e+00
2.540973250568974606e+00,-1.636188275607498355e+00,2.000000000000000000e+00
9.429633538651063240e-01,-3.019986216550967661e+00,2.000000000000000000e+00
-2.694547351986167794e+00,-1.404162970342538008e+00,2.000000000000000000e+00
1.982767548886507969e+00,-2.063163287990273709e+00,2.000000000000000000e+00
2.848857357161749704e+00,-1.335191539029882080e+00,2.000000000000000000e+00
2.283774011838012097e+00,-2.020965620612726443e+00,2.000000000000000000e+00
9.303735163693732657e-03,2.914332960344572232e+00,2.000000000000000000e+00
1.613281342312082423e+00,-2.654687027744171424e+00,2.000000000000000000e+00
-2.869919362005815433e+00,1.340937183793546317e-01,2.000000000000000000e+00
2.826996267040679189e+00,-4.785517569443502595e-01,2.000000000000000000e+00
-2.700008496058864615e+00,1.483977532450965864e+00,2.000000000000000000e+00
8.512738802309557928e-02,-3.049295351363170425e+00,2.000000000000000000e+00
3.021861769235481887e+00,-9.953608378800496981e-01,2.000000000000000000e+00
-2.538987177255973560e+00,1.524395501429813615e+00,2.000000000000000000e+00
-2.399907017698338141e+00,-1.951772721430556468e+00,2.000000000000000000e+00
-1.073893455882948711e+00,2.581709611325367693e+00,2.000000000000000000e+00
-2.974714659395941485e+00,3.711371816531040535e-01,2.000000000000000000e+00
3.035841116309075716e+00,-4.742453583466618716e-01,2.000000000000000000e+00
2.144661317893286068e+00,-1.968644457053529750e+00,2.000000000000000000e+00
2.132442925780533738e+00,-2.079286230117900480e+00,2.000000000000000000e+00
-2.897587893593525088e+00,4.466249431186558594e-01,2.000000000000000000e+00
-2.527779333396052763e+00,1.657126003571345541e+00,2.000000000000000000e+00
-2.138937783718911412e+00,-2.047931598902942074e+00,2.000000000000000000e+00
-1.534916176852394454e+00,2.432670529539433524e+00,2.000000000000000000e+00
-1.872528184987433120e+00,-2.149008420621997484e+00,2.000000000000000000e+00
2.722748342769592433e+00,-1.292444836002151209e+00,2.000000000000000000e+00
2.632059589307616854e+00,-9.728156872055032656e-01,2.000000000000000000e+00
-4.947401984318651191e-01,-2.998423797044506678e+00,2.000000000000000000e+00
2.732671847437972534e+00,-1.441665733086705758e+00,2.000000000000000000e+00
1.235234117542674870e+00,-2.638140158914164868e+00,2.000000000000000000e+00
-4.766165905431437033e-01,-2.957700957164879796e+00,2.000000000000000000e+00
-1.001384775267314120e-01,-3.019923388653551033e+00,2.000000000000000000e+00
1.629930346960305698e+00,-2.597504795193119165e+00,2.000000000000000000e+00
-2.990946525092257779e+00,-3.016628169326298625e-01,2.000000000000000000e+00
-2.438746254206723751e+00,-1.655068145850302930e+00,2.000000000000000000e+00
9.657048578847616804e-01,-2.857386563158607728e+00,2.000000000000000000e+00
2.973972039488598007e+00,-8.265046432230879203e-01,2.000000000000000000e+00
-2.135994929460225400e+00,-2.051949343411926918e+00,2.000000000000000000e+00
-3.470396608020088203e-01,3.010660221830850247e+00,2.000000000000000000e+00
-1.349591964003074240e+00,-2.380901191239255699e+00,2.000000000000000000e+00
-2.850487338292770456e+00,9.791518300168029487e-01,2.000000000000000000e+00
8.210510273718136798e-01,-2.950561127720007004e+00,2.000000000000000000e+00
1.674327348781449620e+00,-2.415585285921447056e+00,2.000000000000000000e+00
1.465635135875850148e+00,-2.664464673698123676e+00,2.000000000000000000e+00
-2.692974981444706817e+00,-1.346919103257306904e+00,2.000000000000000000e+00
2.927704639336782932e+00,-5.830671149209760984e-02,2.000000000000000000e+00
-2.808882991668287588e+00,-1.153073864366681800e+00,2.000000000000000000e+00
-2.869179807232428825e+00,-2.643286185831427576e-02,2.000000000000000000e+00
-1.142131258174654551e+00,-2.654780464477225710e+00,2.000000000000000000e+00
-2.884938769614225684e+00,-1.234206272679523542e+00,2.000000000000000000e+00
-2.173068441726794919e+00,-2.155368879863325482e+00,2.000000000000000000e+00
-2.997274259146074815e+00,4.677461631412244691e-01,2.000000000000000000e+00
2.585120651728844976e+00,-1.663788638499157591e+00,2.000000000000000000e+00
-2.056980954378544446e+00,-2.148912171745199551e+00,2.000000000000000000e+00
2.763519765723781330e+00,-1.354105298454473916e+00,2.000000000000000000e+00
2.189930752646491730e+00,-2.215999495267043873e+00,2.000000000000000000e+00
9.116440106452197156e-01,-2.859326273942063956e+00,2.000000000000000000e+00
1.165171033982385973e+00,-2.961231417113249442e+00,2.000000000000000000e+00
-1.094288354175469102e+00,-2.941183062782369184e+00,2.000000000000000000e+00
-2.811425085824716064e+00,7.637806938844764471e-01,2.000000000000000000e+00
1.784293113452932955e+00,2.400329525298825928e+00,2.000000000000000000e+00
-2.170031930724059421e+00,-2.345912847104763888e+00,2.000000000000000000e+00
-2.254737963494416242e+00,-1.687875052308165369e+00,2.000000000000000000e+00
-2.990209209796862666e+00,3.042719937417286968e-01,2.000000000000000000e+00
1.651516753915470259e+00,-2.502418304241117220e+00,2.000000000000000000e+00
1.241356889465053959e-01,-3.110632461306324981e+00,2.000000000000000000e+00
2.167339578373526976e+00,1.775023767730601332e+00,2.000000000000000000e+00
-7.138431324268159628e-01,-2.979945396774915434e+00,2.000000000000000000e+00
-4.021277847232213598e-01,-3.074608474535964753e+00,2.000000000000000000e+00
1.677321935136333098e+00,-2.445838386321972813e+00,2.000000000000000000e+00
2.647643683097253842e+00,-1.695883879224591162e+00,2.000000000000000000e+00
3.072173965429027209e+00,-2.167806022660804799e-01,2.000000000000000000e+00
-2.898359685006595132e+00,-2.134103260200257424e-01,2.000000000000000000e+00
2.573490070832872068e+00,-1.751454631547359586e+00,2.000000000000000000e+00
2.652130641918253762e+00,-1.120996047283273622e-01,2.000000000000000000e+00
-1.499421793244094525e+00,2.751761763006744133e+00,2.000000000000000000e+00
4.774069817847025887e-01,-3.022924913889289744e+00,2.000000000000000000e+00
1.589800670548042305e+00,-2.622404613877476365e+00,2.000000000000000000e+00
-1.544441516436768858e+00,-2.613203347523780806e+00,2.000000000000000000e+00
2.445848576041709688e+00,-1.744514838312738458e+00,2.000000000000000000e+00
7.448560416825337205e-01,3.066544600227449457e+00,2.000000000000000000e+00
-1.915460539646719251e+00,2.431731190165356438e+00,2.000000000000000000e+00
1.718717354699186517e+00,-2.368691472705041878e+00,2.000000000000000000e+00
1.403327241255753588e+00,-2.621517847215762309e+00,2.000000000000000000e+00
1.939015212453301329e+00,-2.356808945399265554e+00,2.000000000000000000e+00
-2.568783800314869747e+00,-1.614122942152398377e+00,2.000000000000000000e+00
-2.769665788282535956e+00,1.061077694664018578e+00,2.000000000000000000e+00
2.425824750500405802e+00,-1.719290066892538604e+00,2.000000000000000000e+00
-2.897967546883897239e+00,1.560134488408345954e-01,2.000000000000000000e+00
1.815006827342949602e+00,-2.523920201950427877e+00,2.000000000000000000e+00
-2.648711681060945011e+00,-1.029830259725789565e+00,2.000000000000000000e+00
-2.899748474630116757e+00,6.968979551872985789e-01,2.000000000000000000e+00
1.947827496791489033e+00,-2.416514021998294570e+00,2.000000000000000000e+00
2.468358907487277154e+00,-1.518640704799076868e+00,2.000000000000000000e+00
-2.424743897125724246e+00,1.631136896803763170e+00,2.000000000000000000e+00
-9.307281645320510943e-01,-2.898539192907786610e+00,2.000000000000000000e+00
-9.015400624986299460e-01,2.921554942684874145e+00,2.000000000000000000e+00
1.702782630029040734e+00,2.313442153994854422e+00,2.000000000000000000e+00
-2.492948208603666505e+00,-1.522257359698851786e+00,2.000000000000000000e+00
2.361808679487418239e+00,-1.453605704846630209e+00,2.000000000000000000e+00
-1.491062793691213972e+00,-2.634153762238226282e+00,2.000000000000000000e+00
-2.553776629977188684e+00,-1.445156861321045039e+00,2.000000000000000000e+00
-9.233141872728821697e-01,-2.781012112993880514e+00,2.000000000000000000e+00
-2.691275876412448032e+00,-8.087090944380367352e-01,2.000000000000000000e+00
-1.048517073473148375e+00,-2.892554244770884964e+00,2.000000000000000000e+00
1.680077578290948059e+00,-2.663298386012633134e+00,2.000000000000000000e+00
-6.848233382550062975e-01,-2.996301829128409810e+00,2.000000000000000000e+00
-2.978847642666397011e+00,-3.278455522475272610e-01,2.000000000000000000e+00
2.150790338727843309e+00,-2.245077124742731023e+00,2.000000000000000000e+00
1.679018354542434421e+00,-2.234863151788444746e+00,2.000000000000000000e+00
2.076611684295749605e+00,-2.156580061776756985e+00,2.000000000000000000e+00
-3.099628369015624330e+00,-6.810812400325153559e-01,2.000000000000000000e+00
2.179834020273450079e+00,-2.015104777329463470e+00,2.000000000000000000e+00
4.799638108493513022e-01,-3.026306100861283266e+00,2.000000000000000000e+00
4.947134635230575617e-01,-2.989874009791217979e+00,2.000000000000000000e+00
-2.049934223896917374e+00,-2.350999972190138898e+00,2.000000000000000000e+00
-2.938910768945426799e+00,-1.082467253201717439e+00,2.000000000000000000e+00
-2.631923274258523460e+00,-1.423012228997975637e+00,2.000000000000000000e+00
-3.605841073774389560e-01,-2.857952923104849052e+00,2.000000000000000000e+00
-2.902944816329049882e+00,-8.690332554000084198e-01,2.000000000000000000e+00
-5.338910863137866780e-01,-3.021154383406830846e+00,2.000000000000000000e+00
-1.421357796857539491e+00,2.667579396912283851e+00,2.000000000000000000e+00
1.469971861027436599e+00,-2.611096421702750803e+00,2.000000000000000000e+00
-2.621908831213318969e+00,1.387209800419388683e+00,2.000000000000000000e+00
-2.872871879091979164e+00,7.310204976144343281e-01,2.000000000000000000e+00
1.666275869117553654e+00,-2.447195107929986513e+00,2.000000000000000000e+00
2.390914396981943302e+00,-1.901464596982002986e+00,2.000000000000000000e+00
-2.342339124773527459e+00,1.892380202790060029e+00,2.000000000000000000e+00
1.349497922869226540e+00,-2.773779913106031447e+00,2.000000000000000000e+00
3.038796446017909325e+00,-2.492971725997661647e-01,2.000000000000000000e+00
-2.115224839028329029e+00,-2.059100986153545865e+00,2.000000000000000000e+00
-2.402991223188109871e+00,-1.413167926682560083e+00,2.000000000000000000e+00
1.272644169933645486e+00,-2.636197207565348588e+00,2.000000000000000000e+00
2.949964372849497529e+00,-1.287013325776280581e-01,2.000000000000000000e+00
-1.983630346100926090e-01,-3.110152157999825917e+00,2.000000000000000000e+00
5.153451316362070989e-01,-2.945040079143562917e+00,2.000000000000000000e+00
6.816497069471614267e-01,2.808674662827686852e+00,2.000000000000000000e+00
-2.883013465110852547e+00,8.253431550425928132e-01,2.000000000000000000e+00
1.658654820148942388e+00,-2.443219208319586500e+00,2.000000000000000000e+00
-5.421179087158825016e-01,-2.936181909737523021e+00,2.000000000000000000e+00
-1.552786400208730822e+00,-2.759786558275386881e+00,2.000000000000000000e+00
2.293025554011560718e+00,1.898926784519243904e+00,2.000000000000000000e+00
9.700000516900575409e-02,-3.039977658766515489e+00,2.000000000000000000e+00
-1.127108446031244160e+00,-2.578433588756122941e+00,2.000000000000000000e+00
2.689660525929137513e+00,-1.104102066840034979e+00,2.000000000000000000e+00
-9.619894124872757635e-01,-2.705348459726771626e+00,2.000000000000000000e+00
2.313560326912815768e+00,-1.780696201113049382e+00,2.000000000000000000e+00
6.862568707304032012e-01,-3.016142519504316777e+00,2.000000000000000000e+00
2.907396338831413907e+00,-1.056253306510600343e+00,2.000000000000000000e+00
-1.999727274695827006e+00,-2.164917742142858259e+00,2.000000000000000000e+00
-7.212544998671607255e-01,-2.937939884340226016e+00,2.000000000000000000e+00
9.784199976676714039e-01,-2.714810358189351902e+00,2.000000000000000000e+00
-1.197588564201910399e+00,-2.859823103494921970e+00,2.000000000000000000e+00
-5.157878063419706338e-01,-2.923342260353963606e+00,2.000000000000000000e+00
2.546168923960195674e+00,-1.806010346043065429e+00,2.000000000000000000e+00
3.050336264188037827e+00,-4.682478233472918694e-01,2.000000000000000000e+00
-9.911521040477171418e-01,2.955533775186892864e+00,2.000000000000000000e+00
2.861335272634757398e+00,-8.135400898296838434e-01,2.000000000000000000e+00
3.194448365234904053e+00,-2.940716769189316571e-01,2.000000000000000000e+00
-2.196048054642277592e+00,1.819191238228080376e+00,2.000000000000000000e+00
1.591453108448890541e+00,-2.584340481127313627e+00,2.000000000000000000e+00
-2.730751082767825189e+00,8.307251592324816913e-01,2.000000000000000000e+00
2.295194050995572166e+00,-1.963299674957768692e+00,2.000000000000000000e+00
-1.468778084455877542e+00,-2.474001677491658224e+00,2.000000000000000000e+00
-1.715098079380163565e+00,2.703507767875127588e+00,2.000000000000000000e+00
-2.586253077103297660e+00,1.718748102260189148e+00,2.000000000000000000e+00
-2.666540936373643866e+00,-1.427655987229969226e+00,2.000000000000000000e+00
2.631272851279805369e+00,-1.076295879009545819e+00,2.000000000000000000e+00
-1.846569542586157242e+00,-2.443422199405473894e+00,2.000000000000000000e+00
3.604860946109301745e-01,-2.943412370811781642e+00,2.000000000000000000e+00
-1.123477709630447130e+00,-2.723275877950451562e+00,2.000000000000000000e+00
-2.351770103696297909e-01,3.079707120061332404e+00,2.000000000000000000e+00
-4.777611339213633235e-01,2.886320795473319212e+00,2.000000000000000000e+00
1.609038595526033344e+00,-2.505424882834341282e+00,2.000000000000000000e+00
-1.295295188527888275e+00,-2.591145215529656820e+00,2.000000000000000000e+00
-1.781064870721104532e+00,2.572762412942213306e+00,2.000000000000000000e+00
-3.032259608733061995e+00,-1.776434161155957536e-01,2.000000000000000000e+00
2.161641918936827889e+00,-2.270655597834040140e+00,2.000000000000000000e+00
-2.772337951248021071e+00,-7.667965679865565987e-01,2.000000000000000000e+00
-2.596874618870787632e+00,1.323622209780777492e+00,2.000000000000000000e+00
8.356205057971879402e-01,-2.867451972640661317e+00,2.000000000000000000e+00
2.717222146924134218e+00,-1.241313978548704178e+00,2.000000000000000000e+00
-1.146732845766266218e+00,-2.797201940045694890e+00,2.000000000000000000e+00
-1.296986421437584802e+00,2.713719684503108631e+00,2.000000000000000000e+00
-4.272667029070340572e-01,-3.047285977960953129e+00,2.000000000000000000e+00
