image_names,0,1,2,3,4,5,6,7,8,9,10,11,12,13,14,15,16,17,18,19,20,21,22,23
coast_bea9.jpg,0.30107117,0.20729065,0.16357422,0.0801239,0.054138184,0.041107178,0.048339844,0.10435486,0.028274536,0.08557129,0.109680176,0.09403992,0.116622925,0.17834473,0.21102905,0.17643738,0.016967773,0.029281616,0.10809326,0.17303467,0.20536804,0.19221497,0.14395142,0.13108826
coast_bea20.jpg,0.14909363,0.1786499,0.38311768,0.21791077,0.06971741,0.001373291,0.00012207031,1.5258789e-05,0.12767029,0.04096985,0.102249146,0.26885986,0.32957458,0.12712097,0.0033874512,0.00016784668,0.12124634,0.041305542,0.04508972,0.16014099,0.29075623,0.3189087,0.02204895,0.00050354004
coast_cdmc123.jpg,0.033218384,0.09251404,0.107177734,0.058288574,0.39743042,0.066329956,0.23805237,0.0069885254,0.00079345703,0.0036621094,0.012466431,0.19007874,0.13949585,0.4186554,0.2310791,0.003768921,0.0014648438,0.0041503906,0.0068969727,0.028930664,0.28375244,0.12771606,0.54348755,0.0036010742
coast_bea26.jpg,0.009475708,0.13250732,0.37535095,0.09030151,0.27134705,0.11199951,0.00894165,7.6293945e-05,0.0075531006,0.00076293945,0.049468994,0.23898315,0.28256226,0.31367493,0.09637451,0.010620117,0.007843018,0.00044250488,0.030303955,0.102645874,0.24613953,0.5133209,0.088378906,0.010925293
coast_bea24.jpg,0.1693573,0.26229858,0.25328064,0.15252686,0.09220886,0.038757324,0.016174316,0.015396118,0.08239746,0.08276367,0.28788757,0.24575806,0.18553162,0.07901001,0.02067566,0.015975952,0.072647095,0.07748413,0.16331482,0.18664551,0.18193054,0.19616699,0.09037781,0.031433105
coast_bea2.jpg,0.3722992,0.07803345,0.10961914,0.101867676,0.07041931,0.060150146,0.067352295,0.14025879,0.06803894,0.21514893,0.15916443,0.05833435,0.10557556,0.18841553,0.10990906,0.09541321,0.02507019,0.064941406,0.1040802,0.2228241,0.12245178,0.089920044,0.18205261,0.18865967
coast_bea5.jpg,0.1690979,0.20883179,0.12464905,0.14486694,0.07034302,0.04260254,0.05821228,0.18139648,0.028320312,0.07330322,0.15875244,0.16734314,0.13641357,0.16107178,0.09075928,0.18403625,0.10914612,0.08102417,0.084609985,0.06173706,0.13696289,0.18035889,0.26119995,0.08496094
coast_bea3.jpg,0.32839966,0.17108154,0.053985596,0.020095825,0.018508911,0.039108276,0.057250977,0.3115692,0.007232666,0.12808228,0.18589783,0.11997986,0.1355896,0.08955383,0.1508789,0.18278503,0.005142212,0.029891968,0.098526,0.15849304,0.20957947,0.24549866,0.2191925,0.033676147
coast_bea1.jpg,0.2281189,0.13186646,0.16600037,0.15356445,0.10142517,0.13424683,0.07852173,0.0062561035,0.023330688,0.053512573,0.0745697,0.12837219,0.07325745,0.15716553,0.3245697,0.16522217,0.03288269,0.06781006,0.052749634,0.13331604,0.22006226,0.13000488,0.041397095,0.32177734
coast_art487.jpg,0.0,0.00039672852,0.0018157959,0.0017700195,0.09724426,0.26997375,0.16426086,0.46453857,0.0,0.00032043457,0.0018005371,0.0016937256,0.0622406,0.30166626,0.18682861,0.44544983,0.0,0.0010223389,0.0017089844,0.0019683838,0.09851074,0.25489807,0.09144592,0.55044556
coast_cdmc1000.jpg,0.13925171,0.18510437,0.18885803,0.21766663,0.15916443,0.06427002,0.03630066,0.009384155,0.14707947,0.17115784,0.17175293,0.1568451,0.17028809,0.1096344,0.05496216,0.01828003,0.13926697,0.16410828,0.10862732,0.1492157,0.15626526,0.19955444,0.08268738,0.0002746582
coast_art1130.jpg,0.00831604,0.028060913,0.49736023,0.27522278,0.18019104,0.0048828125,0.003250122,0.0027160645,0.007827759,0.01083374,0.22393799,0.29560852,0.29463196,0.16360474,0.0022583008,0.0012969971,0.007827759,0.001449585,0.09492493,0.21533203,0.12924194,0.1605072,0.33329773,0.057418823
coast_bea10.jpg,0.06295776,0.15342712,0.20819092,0.139328,0.07948303,0.08834839,0.055480957,0.21278381,0.041168213,0.08543396,0.07597351,0.082717896,0.15867615,0.14501953,0.19932556,0.21168518,0.111328125,0.05378723,0.05770874,0.18678284,0.19055176,0.22650146,0.13615417,0.03718567
coast_bea38.jpg,0.15838623,0.12208557,0.13877869,0.1985321,0.29380798,0.058395386,0.019226074,0.010787964,0.07418823,0.13049316,0.12174988,0.12786865,0.1885376,0.29605103,0.040100098,0.021011353,0.124176025,0.1458435,0.08177185,0.2566681,0.17614746,0.19415283,0.013519287,0.0077209473
coast_bea30.jpg,0.015319824,0.3446045,0.28738403,0.33251953,0.010772705,0.0033416748,0.001663208,0.0043945312,0.009796143,0.008224487,0.022277832,0.611084,0.33920288,0.0028839111,0.0018920898,0.004638672,0.01864624,0.022369385,0.03152466,0.54730225,0.3735962,0.0022125244,0.0028381348,0.0015106201
coast_bea27.jpg,0.15859985,0.28703308,0.07723999,0.07763672,0.288208,0.08560181,0.023208618,0.0024719238,0.0070495605,0.12382507,0.26293945,0.12188721,0.046676636,0.26643372,0.13085938,0.04032898,0.0040740967,0.036697388,0.14537048,0.21565247,0.116882324,0.05088806,0.32414246,0.106292725
coast_arnat59.jpg,0.24699402,0.073272705,0.10697937,0.15579224,0.21972656,0.088394165,0.018066406,0.090774536,0.23005676,0.070495605,0.07348633,0.1430664,0.23521423,0.14814758,0.018829346,0.080703735,0.21994019,0.047042847,0.076293945,0.05105591,0.12107849,0.23820496,0.16490173,0.08148193
coast_bea33.jpg,0.16447449,0.15374756,0.1681366,0.13018799,0.15444946,0.113464355,0.06498718,0.05055237,0.14715576,0.16394043,0.2117157,0.15995789,0.18197632,0.1227417,0.012512207,0.0,0.079711914,0.15368652,0.32055664,0.18518066,0.17999268,0.08087158,0.0,0.0
coast_art294.jpg,0.011062622,0.3153839,0.1832428,0.10154724,0.23466492,0.102127075,0.028671265,0.02330017,0.00061035156,0.08709717,0.45262146,0.088256836,0.2154541,0.12069702,0.026367188,0.008895874,0.0058135986,0.13392639,0.34858704,0.12084961,0.0132751465,0.20021057,0.116363525,0.06097412
coast_bea39.jpg,0.24513245,0.21942139,0.32447815,0.19360352,0.011184692,0.0045928955,0.0014953613,9.1552734e-05,0.03199768,0.05166626,0.23977661,0.37319946,0.2351532,0.060287476,0.0052948,0.0026245117,0.045669556,0.06333923,0.14173889,0.18424988,0.21572876,0.22802734,0.11506653,0.0061798096
coast_bea4.jpg,0.2101593,0.30551147,0.18057251,0.057022095,0.051452637,0.06820679,0.037384033,0.08969116,0.03060913,0.04270935,0.08836365,0.25500488,0.31910706,0.09472656,0.05859375,0.11088562,0.057373047,0.05180359,0.06124878,0.04902649,0.08317566,0.19589233,0.38278198,0.11869812
coast_bea14.jpg,0.023513794,0.05987549,0.14852905,0.24383545,0.10942078,0.1340332,0.17288208,0.107910156,0.0128479,0.044158936,0.09272766,0.13775635,0.2543335,0.110687256,0.2211914,0.126297,0.04664612,0.05117798,0.05531311,0.08824158,0.12654114,0.24479675,0.0847168,0.30256653
coast_bea29.jpg,0.08703613,0.17095947,0.14456177,0.22883606,0.30444336,0.062454224,0.0013885498,0.00032043457,0.0005187988,0.03529358,0.1855774,0.13401794,0.16836548,0.4222107,0.05267334,0.0013427734,0.0005340576,0.0064849854,0.049972534,0.16601562,0.15019226,0.17721558,0.43714905,0.012435913
coast_nat743.jpg,0.1873169,0.07606506,0.040100098,0.039154053,0.070007324,0.112579346,0.15386963,0.3209076,0.2470398,0.06852722,0.12541199,0.12545776,0.12756348,0.116867065,0.062026978,0.12710571,0.27928162,0.22151184,0.18948364,0.12988281,0.03353882,0.016586304,0.023971558,0.10574341
coast_n243061.jpg,0.047836304,0.20768738,0.30444336,0.2603302,0.1219635,0.030227661,0.021148682,0.006362915,0.054031372,0.051437378,0.15292358,0.33143616,0.2731018,0.10652161,0.024795532,0.0057525635,0.03666687,0.040039062,0.035583496,0.072753906,0.30288696,0.13615417,0.36206055,0.0138549805
coast_n384026.jpg,7.6293945e-05,0.22138977,0.35879517,0.21958923,0.09529114,0.09739685,0.006942749,0.0005187988,0.0,0.00062561035,0.020233154,0.19665527,0.3034973,0.41531372,0.06340027,0.0002746582,0.00064086914,0.005493164,0.06613159,0.12599182,0.070755005,0.09552002,0.63342285,0.0020446777
coast_n18001.jpg,0.20689392,0.205307,0.10412598,0.0773468,0.15063477,0.10520935,0.1194458,0.031036377,0.1842804,0.18504333,0.111312866,0.07493591,0.08935547,0.17105103,0.14146423,0.042556763,0.2772522,0.13905334,0.0741272,0.051467896,0.06593323,0.1765747,0.14079285,0.074798584
coast_land480.jpg,0.01675415,0.22801208,0.21636963,0.29403687,0.15345764,0.08682251,0.004547119,0.0,0.0022125244,0.02557373,0.24255371,0.10609436,0.22210693,0.2030487,0.16850281,0.029907227,0.021728516,0.06791687,0.15774536,0.1289978,0.14608765,0.17459106,0.30186462,0.0010681152
coast_nat601.jpg,0.031555176,0.19892883,0.13856506,0.089538574,0.10652161,0.27212524,0.1217041,0.0410614,0.02720642,0.17694092,0.14916992,0.10255432,0.08596802,0.20254517,0.20457458,0.05104065,0.089401245,0.121398926,0.12237549,0.1259613,0.09312439,0.12124634,0.3015442,0.02494812
coast_n295011.jpg,0.121780396,0.12060547,0.13253784,0.17141724,0.1852417,0.13435364,0.124420166,0.009643555,0.15499878,0.15744019,0.10411072,0.1510315,0.15480042,0.15544128,0.11860657,0.0035705566,0.14945984,0.1030426,0.15167236,0.08256531,0.1078186,0.25012207,0.15318298,0.0021362305
coast_n243063.jpg,0.010543823,0.04815674,0.12973022,0.17178345,0.20237732,0.3340149,0.09539795,0.0079956055,0.005493164,0.024597168,0.09538269,0.1736145,0.23017883,0.16539001,0.2954712,0.0098724365,0.0018920898,0.0084991455,0.039001465,0.12611389,0.1980133,0.21443176,0.40559387,0.006454468
coast_nat1052.jpg,0.21130371,0.10801697,0.2446289,0.12425232,0.17243958,0.07417297,0.04156494,0.023620605,0.031723022,0.21696472,0.22346497,0.18598938,0.05432129,0.22888184,0.04034424,0.018310547,0.0049438477,0.08860779,0.28944397,0.2179718,0.08654785,0.10858154,0.17756653,0.02633667
coast_nat768.jpg,0.030059814,0.09654236,0.20892334,0.22364807,0.16239929,0.2160492,0.06150818,0.000869751,0.026260376,0.10461426,0.22976685,0.26741028,0.19073486,0.18121338,0.0,0.0,0.020187378,0.026245117,0.080596924,0.2188263,0.34762573,0.10649109,0.06852722,0.13150024
coast_nat202.jpg,0.015258789,0.19421387,0.11413574,0.1078949,0.10115051,0.08805847,0.09098816,0.28829956,0.12025452,0.21777344,0.1586914,0.1129303,0.08546448,0.08679199,0.13015747,0.0879364,0.11373901,0.4015503,0.16513062,0.12231445,0.117111206,0.06838989,0.0098724365,0.0018920898
coast_n672021.jpg,0.4711151,0.057907104,0.051864624,0.11012268,0.16967773,0.13465881,0.0043945312,0.0002593994,0.31192017,0.14079285,0.07357788,0.061691284,0.15092468,0.2257843,0.03492737,0.00038146973,0.13116455,0.123794556,0.06965637,0.13554382,0.084350586,0.0796051,0.33998108,0.03590393
coast_land946.jpg,0.003540039,0.01940918,0.4308777,0.2701416,0.1531372,0.081207275,0.023071289,0.018615723,0.0032806396,0.02973938,0.5713806,0.34770203,0.03778076,0.005279541,0.003692627,0.0011444092,0.0027160645,0.018173218,0.1907196,0.7284241,0.055038452,0.0038909912,0.0010375977,0.0
coast_n122078.jpg,0.10423279,0.08528137,0.12731934,0.16574097,0.21382141,0.16679382,0.07992554,0.056884766,0.18778992,0.17977905,0.20932007,0.19697571,0.121673584,0.06362915,0.039627075,0.0012054443,0.54837036,0.27149963,0.12438965,0.04788208,0.007858276,0.0,0.0,0.0
coast_cdmc989.jpg,0.21812439,0.14633179,0.11584473,0.13819885,0.11607361,0.086364746,0.045425415,0.13363647,0.21833801,0.122024536,0.1230011,0.145401,0.14213562,0.0912323,0.0637207,0.09414673,0.11845398,0.12739563,0.14596558,0.17251587,0.1337738,0.12976074,0.074645996,0.0974884
coast_nat1053.jpg,0.0036010742,0.060668945,0.08251953,0.31617737,0.19267273,0.21694946,0.09739685,0.030014038,0.0024261475,0.06689453,0.06765747,0.22619629,0.17137146,0.2420044,0.18360901,0.0398407,0.002166748,0.07524109,0.108673096,0.23532104,0.042755127,0.057861328,0.28735352,0.19062805
coast_n243003.jpg,0.053268433,0.3866272,0.029006958,0.0019989014,0.005218506,0.093948364,0.23486328,0.19506836,0.044204712,0.43344116,0.15325928,0.3531494,0.015716553,3.0517578e-05,0.00010681152,9.1552734e-05,0.031723022,0.41488647,0.5530243,0.00012207031,6.1035156e-05,6.1035156e-05,0.00012207031,0.0
coast_cdmc976.jpg,0.034805298,0.09301758,0.10948181,0.056777954,0.39596558,0.06854248,0.23397827,0.0074310303,0.0008239746,0.0032653809,0.019882202,0.20933533,0.119003296,0.41485596,0.22970581,0.0031280518,0.0004119873,0.002609253,0.005218506,0.013046265,0.15071106,0.24316406,0.5780945,0.0067443848
coast_n199065.jpg,0.0978241,0.14640808,0.086639404,0.12007141,0.15332031,0.22090149,0.16116333,0.013671875,0.049179077,0.36058044,0.28627014,0.23347473,0.06654358,0.0026855469,0.00091552734,0.00035095215,0.360672,0.6378021,0.00091552734,0.0005950928,1.5258789e-05,0.0,0.0,0.0
coast_nat799.jpg,9.1552734e-05,0.0034637451,0.04624939,0.13528442,0.16592407,0.12214661,0.5135193,0.013320923,1.5258789e-05,0.00047302246,0.0128479,0.08544922,0.18782043,0.1273346,0.36076355,0.22529602,1.5258789e-05,0.00076293945,0.0077209473,0.056869507,0.12272644,0.18473816,0.13027954,0.4968872
coast_nat770.jpg,0.14094543,0.016723633,0.129776,0.3078766,0.14152527,0.16758728,0.07798767,0.017578125,0.13720703,0.01889038,0.14459229,0.40014648,0.1366272,0.14724731,0.01335144,0.0019378662,0.14907837,0.022842407,0.3105011,0.21736145,0.20884705,0.07914734,0.010772705,0.001449585
coast_n672034.jpg,0.0642395,0.12174988,0.14047241,0.3466034,0.1696167,0.10093689,0.051971436,0.00440979,0.008514404,0.075042725,0.16288757,0.2618103,0.31018066,0.110672,0.062286377,0.008605957,0.0013580322,0.017745972,0.0398407,0.11314392,0.16427612,0.34646606,0.27545166,0.04171753
coast_cdmc906.jpg,0.018875122,0.06359863,0.15299988,0.25976562,0.27648926,0.14430237,0.037460327,0.04650879,0.0158844,0.047439575,0.13690186,0.18089294,0.25820923,0.24157715,0.06863403,0.050460815,0.008529663,0.037460327,0.11193848,0.12889099,0.20854187,0.26731873,0.1826477,0.05467224
coast_n203059.jpg,0.32911682,0.17306519,0.20365906,0.17579651,0.06434631,0.026153564,0.01991272,0.007949829,0.083221436,0.18902588,0.16940308,0.18833923,0.17202759,0.1234436,0.058547974,0.015991211,0.10852051,0.05670166,0.10173035,0.13084412,0.12458801,0.18917847,0.25343323,0.035003662
coast_n708024.jpg,0.1355133,0.4255066,0.24235535,0.12046814,0.037887573,0.016723633,0.013305664,0.008239746,0.31166077,0.5149994,0.12208557,0.03224182,0.008865356,0.0068206787,0.0030822754,0.00024414062,0.16555786,0.43717957,0.30519104,0.07727051,0.013793945,0.0009918213,1.5258789e-05,0.0
coast_n739047.jpg,0.24382019,0.21061707,0.14328003,0.06222534,0.12034607,0.12567139,0.092926025,0.0011138916,0.008636475,0.0038146973,0.07644653,0.38459778,0.077819824,0.21476746,0.23046875,0.0034484863,0.008605957,0.00093078613,0.0014190674,0.007675171,0.056365967,0.5810852,0.33932495,0.0045928955
coast_land302.jpg,0.028137207,0.29345703,0.199646,0.07417297,0.390625,0.0035705566,0.0034179688,0.0069732666,0.0,9.1552734e-05,0.018112183,0.480484,0.1084137,0.37202454,0.0045928955,0.016281128,0.0,0.0004272461,0.01272583,0.07774353,0.08961487,0.35665894,0.41584778,0.04698181
coast_nat667.jpg,0.4706421,0.24038696,0.19717407,0.031982422,0.02041626,0.012619019,0.009490967,0.017288208,0.32539368,0.17024231,0.17816162,0.17948914,0.109451294,0.015426636,0.006866455,0.014968872,0.259552,0.1625824,0.1056366,0.054336548,0.16716003,0.21340942,0.02508545,0.012237549
coast_nat684.jpg,0.07652283,0.19607544,0.17913818,0.20082092,0.24980164,0.07272339,0.015319824,0.009597778,0.03955078,0.106414795,0.29008484,0.23110962,0.24375916,0.075912476,0.012191772,0.0009765625,0.031326294,0.08621216,0.32502747,0.2606659,0.23458862,0.05909729,0.0030212402,6.1035156e-05
coast_nat566.jpg,0.065460205,0.060317993,0.062042236,0.11314392,0.25694275,0.27398682,0.090774536,0.07733154,0.06858826,0.056655884,0.041000366,0.050949097,0.12176514,0.3338623,0.23059082,0.096588135,0.09320068,0.06022644,0.032730103,0.044891357,0.13690186,0.2083435,0.32609558,0.09761047
coast_n291022.jpg,0.15707397,0.11582947,0.06512451,0.052703857,0.05218506,0.04977417,0.13780212,0.36950684,0.27069092,0.08517456,0.13200378,0.11836243,0.109802246,0.2336731,0.05029297,0.0,0.29626465,0.09140015,0.32118225,0.21524048,0.07435608,0.0015258789,3.0517578e-05,0.0
coast_cdmc954.jpg,0.00032043457,0.0017852783,0.13227844,0.2909546,0.16816711,0.24385071,0.12922668,0.033416748,0.00021362305,0.0005645752,0.018814087,0.30329895,0.15338135,0.23413086,0.24389648,0.045700073,0.00012207031,0.000289917,0.0015258789,0.16044617,0.24290466,0.10876465,0.35429382,0.13165283
coast_n347047.jpg,0.024124146,0.010940552,0.043624878,0.24287415,0.3223877,0.10223389,0.144104,0.10971069,0.028869629,0.023849487,0.31071472,0.34162903,0.0814209,0.09843445,0.11024475,0.004837036,0.032318115,0.080581665,0.43395996,0.31936646,0.085250854,0.046218872,0.0023040771,0.0
coast_cdmc830.jpg,0.18945312,0.14538574,0.3753662,0.11238098,0.055099487,0.048294067,0.044830322,0.029190063,0.17054749,0.16828918,0.42385864,0.071121216,0.055114746,0.046691895,0.04234314,0.022033691,0.17834473,0.21340942,0.39048767,0.063064575,0.052490234,0.044143677,0.041030884,0.017028809
coast_cdmc706.jpg,0.31385803,0.44200134,0.12741089,0.035690308,0.028717041,0.02784729,0.0234375,0.0010375977,0.15275574,0.21469116,0.18934631,0.30145264,0.061935425,0.027572632,0.03881836,0.013427734,0.14918518,0.10585022,0.057876587,0.03262329,0.03300476,0.14170837,0.41053772,0.06921387
coast_n672004.jpg,0.5556183,0.10343933,0.08581543,0.087387085,0.07392883,0.043151855,0.04083252,0.00982666,0.28196716,0.11073303,0.077301025,0.056488037,0.18692017,0.18128967,0.09173584,0.0135650635,0.16430664,0.08781433,0.088027954,0.09286499,0.053604126,0.029037476,0.26719666,0.21714783
coast_n291076.jpg,0.23216248,0.3126526,0.21321106,0.094558716,0.044540405,0.055984497,0.036010742,0.010879517,0.04536438,0.18777466,0.31732178,0.15150452,0.12658691,0.113342285,0.049179077,0.008926392,0.041885376,0.14448547,0.14326477,0.15550232,0.051193237,0.08621216,0.36036682,0.017089844
coast_nat755.jpg,0.2666626,0.08732605,0.15715027,0.16320801,0.13169861,0.07788086,0.07841492,0.03765869,0.2619629,0.12754822,0.18008423,0.15287781,0.09919739,0.07450867,0.075653076,0.028167725,0.29640198,0.22007751,0.21336365,0.07423401,0.12120056,0.0438385,0.017745972,0.013137817
coast_n424023.jpg,0.0025024414,0.06503296,0.14024353,0.06826782,0.033798218,0.040771484,0.14653015,0.5028534,0.009567261,0.20176697,0.18637085,0.32546997,0.20953369,0.037216187,0.025222778,0.004852295,0.36657715,0.6264038,0.0022888184,0.00076293945,0.0005645752,0.00076293945,0.0015716553,0.0010681152
coast_land386.jpg,0.19282532,0.088912964,0.2286377,0.16758728,0.072525024,0.09008789,0.091033936,0.06838989,0.052200317,0.20306396,0.117111206,0.20066833,0.12025452,0.07923889,0.08522034,0.14224243,0.08409119,0.0900116,0.17230225,0.060531616,0.16409302,0.14263916,0.07122803,0.21510315
coast_cdmc850.jpg,0.641098,0.18669128,0.072387695,0.06555176,0.024841309,0.008911133,0.00044250488,7.6293945e-05,0.025802612,0.4262848,0.2802887,0.15057373,0.06591797,0.042800903,0.007980347,0.00035095215,0.0043640137,0.015808105,0.1558075,0.42486572,0.20323181,0.10826111,0.07899475,0.008666992
coast_n708004.jpg,0.107284546,0.12232971,0.12884521,0.15509033,0.16038513,0.18841553,0.12890625,0.008743286,0.0030517578,0.011047363,0.09284973,0.16714478,0.10134888,0.17449951,0.24511719,0.2049408,0.0033416748,0.012313843,0.04360962,0.18078613,0.08673096,0.11302185,0.28347778,0.27671814
coast_nat602.jpg,0.0034179688,0.034500122,0.111831665,0.1162262,0.10336304,0.18984985,0.3544464,0.086364746,0.0014038086,0.018875122,0.07814026,0.14500427,0.12072754,0.11741638,0.39118958,0.12724304,0.0024108887,0.015411377,0.06271362,0.15522766,0.13548279,0.12609863,0.47798157,0.024673462
coast_nat705.jpg,0.38539124,0.09371948,0.062683105,0.05000305,0.053741455,0.08282471,0.12011719,0.15151978,0.10269165,0.14434814,0.15115356,0.09307861,0.0917511,0.15647888,0.16192627,0.09857178,0.059631348,0.024749756,0.11781311,0.19525146,0.20074463,0.18887329,0.10762024,0.10531616
coast_nat1043.jpg,0.0,0.05986023,0.40875244,0.04270935,0.023742676,0.021820068,0.030075073,0.41304016,0.0,0.06173706,0.44854736,0.056106567,0.07589722,0.17250061,0.17222595,0.0129852295,0.0,0.054901123,0.3062744,0.38839722,0.23370361,0.016723633,0.0,0.0
coast_nat120.jpg,0.018844604,0.31892395,0.3857727,0.1421051,0.06614685,0.030578613,0.013534546,0.024093628,0.00045776367,0.007507324,0.12547302,0.2655182,0.3995514,0.117507935,0.048187256,0.03579712,0.001953125,0.02532959,0.041046143,0.021377563,0.19258118,0.14222717,0.18373108,0.39175415
coast_n672000.jpg,0.49908447,0.21524048,0.21368408,0.063186646,0.0023345947,0.0018157959,0.0040130615,0.00064086914,0.0024719238,0.10479736,0.2954712,0.35559082,0.23146057,0.0040130615,0.0031738281,0.0030212402,0.0,0.003036499,0.06796265,0.2117157,0.2846222,0.24507141,0.18467712,0.0029144287
coast_cdmc862.jpg,0.33239746,0.06933594,0.042160034,0.10281372,0.11225891,0.052459717,0.24127197,0.047302246,0.11001587,0.13420105,0.096725464,0.2255249,0.110672,0.21058655,0.09851074,0.013763428,0.010635376,0.03791809,0.14315796,0.28575134,0.23867798,0.2041626,0.063964844,0.015731812
coast_n736062.jpg,0.25689697,0.14428711,0.18284607,0.14361572,0.1282959,0.08848572,0.045822144,0.009750366,0.12512207,0.33486938,0.19499207,0.119400024,0.06188965,0.028518677,0.115478516,0.019729614,0.09036255,0.3625641,0.24649048,0.104278564,0.049713135,0.0149383545,0.010818481,0.12083435
coast_gre637.jpg,0.0,0.00016784668,0.10548401,0.1733551,0.13195801,0.2472992,0.30270386,0.039031982,0.0,0.0,0.0104522705,0.17132568,0.1659851,0.26107788,0.22744751,0.16371155,0.0,0.0,0.0005187988,0.04118347,0.1809845,0.27668762,0.45976257,0.040863037
coast_cdmc934.jpg,0.07319641,0.022415161,0.022064209,0.094940186,0.18450928,0.44248962,0.13594055,0.02444458,0.060943604,0.026443481,0.018951416,0.027069092,0.17703247,0.30392456,0.35046387,0.03517151,0.040725708,0.03779602,0.018829346,0.024612427,0.07887268,0.26620483,0.28704834,0.24591064
coast_nat745.jpg,0.108932495,0.1585083,0.11920166,0.06651306,0.058166504,0.07989502,0.14344788,0.26533508,0.13960266,0.19493103,0.13294983,0.10961914,0.14083862,0.10823059,0.06832886,0.10549927,0.10725403,0.19570923,0.17980957,0.2078247,0.15109253,0.03147888,0.039093018,0.08773804
coast_n238045.jpg,0.044769287,0.25845337,0.28285217,0.28207397,0.05947876,0.038009644,0.018310547,0.016052246,0.45932007,0.30021667,0.19450378,0.026016235,0.007232666,0.004348755,0.005508423,0.0028533936,0.19241333,0.4789276,0.2609253,0.065582275,0.0011444092,0.00079345703,0.00018310547,3.0517578e-05
coast_nat890.jpg,0.095687866,0.5188904,0.157547,0.050476074,0.039245605,0.042404175,0.036392212,0.05935669,0.024932861,0.08143616,0.5344696,0.15444946,0.060546875,0.034820557,0.024887085,0.0844574,0.029022217,0.07266235,0.1903534,0.25508118,0.31228638,0.026351929,0.019851685,0.09439087
coast_nat866.jpg,0.25308228,0.3514557,0.17967224,0.10784912,0.06489563,0.025543213,0.0069885254,0.010513306,0.16296387,0.12181091,0.34188843,0.18870544,0.13298035,0.0365448,0.0066070557,0.0084991455,0.103256226,0.15206909,0.08099365,0.21229553,0.21270752,0.13487244,0.08126831,0.022537231
coast_cdmc942.jpg,0.19470215,0.12837219,0.10360718,0.2011261,0.36375427,0.00843811,0.0,0.0,0.0028381348,0.0057678223,0.07496643,0.20417786,0.5487366,0.1356659,0.027832031,1.5258789e-05,0.0027923584,0.004562378,0.0064849854,0.025131226,0.18971252,0.28857422,0.21200562,0.2707367
coast_n424081.jpg,0.19737244,0.13778687,0.15582275,0.14343262,0.115448,0.07672119,0.06236267,0.11105347,0.3276062,0.27770996,0.26914978,0.11244202,0.013092041,0.0,0.0,0.0,0.28163147,0.27919006,0.41183472,0.02734375,0.0,0.0,0.0,0.0
coast_n203015.jpg,0.15138245,0.31877136,0.28562927,0.11985779,0.0605011,0.034469604,0.017211914,0.012176514,0.049484253,0.08047485,0.13240051,0.1487732,0.2267456,0.23797607,0.1038208,0.020324707,0.12362671,0.16740417,0.102630615,0.05180359,0.03627014,0.115219116,0.35871887,0.044326782
coast_n424079.jpg,0.2642975,0.12301636,0.1620636,0.16366577,0.17277527,0.07203674,0.033218384,0.008926392,0.16036987,0.1434784,0.15162659,0.16111755,0.15948486,0.15179443,0.057800293,0.014328003,0.008361816,0.056884766,0.11077881,0.14239502,0.10609436,0.15791321,0.32566833,0.09190369
coast_cdmc988.jpg,0.008483887,0.023773193,0.0874176,0.45246887,0.20800781,0.09931946,0.070755005,0.04977417,0.019958496,0.017150879,0.10745239,0.25871277,0.29348755,0.1547699,0.08554077,0.062927246,0.031280518,0.056900024,0.21798706,0.15058899,0.21459961,0.15132141,0.10769653,0.069625854
coast_cdmc953.jpg,0.030334473,0.08100891,0.27693176,0.20800781,0.048919678,0.071014404,0.23876953,0.045013428,0.016143799,0.04118347,0.05683899,0.1640625,0.32310486,0.054229736,0.17181396,0.17262268,0.021972656,0.045425415,0.03251648,0.024658203,0.09527588,0.31295776,0.13008118,0.33711243
coast_nat292.jpg,0.017303467,0.31080627,0.3265381,0.22041321,0.083480835,0.028259277,0.009613037,0.0035858154,0.014541626,0.27734375,0.29766846,0.2680359,0.09605408,0.032104492,0.014221191,3.0517578e-05,0.01939392,0.21006775,0.18121338,0.24659729,0.23095703,0.07987976,0.030883789,0.0010070801
coast_n384092.jpg,0.04814148,0.03552246,0.19200134,0.5570221,0.11616516,0.026901245,0.019180298,0.005065918,0.03276062,0.03869629,0.036590576,0.12310791,0.66996765,0.076538086,0.019683838,0.0026550293,0.03691101,0.02772522,0.035858154,0.0640564,0.20440674,0.49676514,0.13246155,0.0018157959
coast_n203036.jpg,0.2179718,0.13964844,0.1930542,0.20285034,0.14616394,0.07701111,0.016983032,0.0063171387,0.05091858,0.09341431,0.1665802,0.17544556,0.0846405,0.143219,0.2554474,0.030334473,0.1269989,0.14500427,0.12358093,0.0332489,0.030944824,0.11149597,0.26156616,0.16716003
coast_n446013.jpg,0.0044555664,0.09661865,0.28736877,0.18856812,0.09680176,0.1385498,0.1627655,0.024871826,0.010055542,0.0690155,0.28302002,0.22862244,0.113220215,0.14201355,0.14115906,0.012893677,0.009552002,0.0033111572,0.012329102,0.09362793,0.4526825,0.25196838,0.16711426,0.009414673
coast_nat1150.jpg,1.5258789e-05,0.015960693,0.07836914,0.25816345,0.4376068,0.14154053,0.067092896,0.0012512207,1.5258789e-05,0.0031738281,0.06576538,0.23901367,0.3734436,0.25907898,0.057052612,0.002456665,1.5258789e-05,3.0517578e-05,0.024856567,0.15771484,0.39479065,0.25741577,0.1622467,0.0029296875
coast_cdmc991.jpg,0.09373474,0.24043274,0.19876099,0.16107178,0.13627625,0.09301758,0.0395813,0.037124634,0.061706543,0.27331543,0.3002472,0.23168945,0.071014404,0.029891968,0.016967773,0.015167236,0.047836304,0.27148438,0.47265625,0.18286133,0.017913818,0.0057678223,0.0013885498,9.1552734e-05
coast_n739046.jpg,0.42233276,0.1368866,0.061462402,0.07582092,0.13008118,0.14509583,0.026397705,0.0019226074,0.0055999756,0.017868042,0.09591675,0.28645325,0.1394043,0.21672058,0.2162323,0.02180481,0.014770508,0.025619507,0.023849487,0.012451172,0.10870361,0.32809448,0.25360107,0.23291016
coast_nat739.jpg,0.019104004,0.009765625,0.019104004,0.07116699,0.14567566,0.25587463,0.3101654,0.16914368,0.02128601,0.012054443,0.051101685,0.11305237,0.20375061,0.26741028,0.29338074,0.037963867,0.0206604,0.017745972,0.0619812,0.12019348,0.17376709,0.23886108,0.22367859,0.14311218
coast_n203032.jpg,0.3707428,0.058059692,0.037399292,0.061935425,0.05609131,0.18211365,0.2331543,0.00050354004,0.055389404,0.13375854,0.17416382,0.078445435,0.06781006,0.42526245,0.064941406,0.00022888184,0.050735474,0.044692993,0.009399414,0.085754395,0.45521545,0.3436432,0.00932312,0.0012359619
coast_land812.jpg,0.25593567,0.18222046,0.19363403,0.12846375,0.07180786,0.073776245,0.03352356,0.060638428,0.0072784424,0.18864441,0.24468994,0.1826477,0.17028809,0.123931885,0.038970947,0.043548584,1.5258789e-05,0.017730713,0.28782654,0.29458618,0.13583374,0.105407715,0.12634277,0.03225708
coast_nat167.jpg,0.02557373,0.024230957,0.051727295,0.100250244,0.28152466,0.28312683,0.10877991,0.12478638,0.050079346,0.4516449,0.38154602,0.0917511,0.009841919,0.012207031,0.0004272461,0.0025024414,0.517395,0.37994385,0.08958435,0.010025024,0.001159668,0.00088500977,0.0005950928,0.0004119873
coast_n291061.jpg,0.051986694,0.077194214,0.35359192,0.25549316,0.12475586,0.11627197,0.019821167,0.00088500977,0.0526886,0.048690796,0.08506775,0.1949768,0.26219177,0.2170105,0.13824463,0.0011291504,0.048797607,0.049957275,0.050613403,0.13571167,0.1675415,0.2103424,0.3368225,0.00021362305
coast_land954.jpg,0.0,0.0035552979,0.018157959,0.103378296,0.24607849,0.27937317,0.23545837,0.11399841,0.0021972656,0.013473511,0.050338745,0.20779419,0.20645142,0.35520935,0.16453552,0.0,0.007080078,0.02758789,0.087402344,0.2108612,0.1605835,0.4002838,0.10620117,0.0
coast_cdmc878.jpg,0.017562866,0.19075012,0.17018127,0.30249023,0.094558716,0.10211182,0.084365845,0.037979126,0.015655518,0.025924683,0.24264526,0.14833069,0.2925415,0.080703735,0.113357544,0.080841064,0.016525269,0.05091858,0.11480713,0.24829102,0.1605835,0.20458984,0.11187744,0.09240723
coast_nat1151.jpg,0.06942749,0.11657715,0.09950256,0.3009796,0.29995728,0.088256836,0.024993896,0.00030517578,0.08067322,0.06750488,0.12550354,0.28225708,0.29119873,0.13294983,0.019638062,0.0002746582,0.072891235,0.042800903,0.10144043,0.1930542,0.32325745,0.21702576,0.049057007,0.00047302246
coast_n291030.jpg,0.0015563965,0.076919556,0.18218994,0.1436615,0.27012634,0.29022217,0.026824951,0.0084991455,0.0025177002,0.014907837,0.16287231,0.44625854,0.24797058,0.10543823,0.01979065,0.00024414062,0.004272461,0.051361084,0.3798828,0.08621216,0.05000305,0.07136536,0.35046387,0.006439209
coast_land340.jpg,0.13441467,0.07597351,0.2537384,0.2710266,0.09712219,0.09706116,0.052352905,0.018310547,0.11834717,0.029251099,0.068496704,0.17016602,0.23442078,0.30026245,0.06388855,0.015167236,0.119903564,0.021774292,0.03314209,0.07434082,0.09248352,0.33448792,0.28738403,0.036483765
coast_n384013.jpg,0.09661865,0.17222595,0.20907593,0.28825378,0.14787292,0.057510376,0.024337769,0.0041046143,0.079208374,0.0839386,0.17158508,0.24203491,0.30955505,0.078048706,0.02859497,0.0070343018,0.06782532,0.061080933,0.074417114,0.17164612,0.38156128,0.18861389,0.0423584,0.012496948
coast_n672031.jpg,0.15618896,0.10903931,0.114089966,0.09593201,0.116104126,0.14212036,0.25161743,0.014907837,0.72836304,0.07362366,0.06413269,0.055023193,0.03791809,0.02670288,0.01423645,0.0,0.7593384,0.21557617,0.016036987,0.0062561035,0.002105713,0.00065612793,3.0517578e-05,0.0
coast_cdmc927.jpg,0.06750488,0.13848877,0.08938599,0.13851929,0.3082428,0.1855774,0.07218933,9.1552734e-05,0.0002746582,0.030166626,0.0927887,0.13087463,0.120529175,0.3753662,0.21733093,0.032669067,0.0,0.00010681152,0.0028381348,0.06916809,0.15473938,0.15162659,0.48620605,0.13531494
coast_n347041.jpg,0.047164917,0.12478638,0.29231262,0.2922821,0.11013794,0.0697937,0.057754517,0.0057678223,0.04031372,0.07939148,0.1421814,0.2026062,0.30786133,0.13693237,0.08470154,0.006011963,0.042404175,0.082977295,0.09413147,0.039474487,0.19396973,0.35308838,0.17662048,0.017333984
coast_cdmc860.jpg,0.16221619,0.26583862,0.12313843,0.18382263,0.12786865,0.06990051,0.055847168,0.011367798,0.01802063,0.10914612,0.28709412,0.29859924,0.13868713,0.07714844,0.052001953,0.019302368,0.0119018555,0.036376953,0.06034851,0.22329712,0.33319092,0.1950531,0.09811401,0.04171753
coast_nat810.jpg,0.017059326,0.0049743652,0.0022583008,0.00390625,0.04234314,0.17010498,0.33348083,0.4258728,0.022018433,0.0067749023,0.112716675,0.31504822,0.2768402,0.1466217,0.118759155,0.0012207031,0.079559326,0.4982605,0.24325562,0.11317444,0.06575012,0.0,0.0,0.0
coast_land897.jpg,0.0,0.0,0.04800415,0.17564392,0.16108704,0.10345459,0.088134766,0.42367554,0.0,0.0,0.03855896,0.14552307,0.16970825,0.11553955,0.093170166,0.4375,0.0,0.0,0.031219482,0.10371399,0.14886475,0.14320374,0.123031616,0.44996643
coast_nat643.jpg,0.13652039,0.40473938,0.23040771,0.0690155,0.039886475,0.024246216,0.019378662,0.075805664,0.28823853,0.5505066,0.10429382,0.027877808,0.020996094,0.005935669,0.0015716553,0.000579834,0.08882141,0.36932373,0.53816223,0.00340271,0.000289917,0.0,0.0,0.0
coast_n328001.jpg,0.016342163,0.06085205,0.15353394,0.24021912,0.15205383,0.17433167,0.19256592,0.010101318,0.014724731,0.034576416,0.09005737,0.25482178,0.11778259,0.279953,0.19898987,0.009094238,0.019256592,0.03253174,0.044281006,0.051834106,0.1580658,0.48973083,0.18463135,0.01966858
coast_n199066.jpg,0.4268341,0.24388123,0.05445862,0.06713867,0.092681885,0.076034546,0.031784058,0.0071868896,0.5532074,0.15011597,0.06530762,0.093185425,0.08985901,0.036026,0.011123657,0.0011749268,0.27388,0.27366638,0.1823883,0.09490967,0.1104126,0.05331421,0.0110321045,0.00039672852
coast_nat462.jpg,0.18251038,0.08157349,0.220932,0.1902008,0.07310486,0.09378052,0.09815979,0.05973816,0.025344849,0.19552612,0.103271484,0.21714783,0.14315796,0.084609985,0.09124756,0.13969421,0.03439331,0.07627869,0.17901611,0.065322876,0.17828369,0.17323303,0.07546997,0.21800232
coast_n384099.jpg,0.18637085,0.04537964,0.06121826,0.15444946,0.17407227,0.11135864,0.058441162,0.20870972,0.039520264,0.08125305,0.1438446,0.2000122,0.26123047,0.08894348,0.18519592,0.0,0.0018310547,0.012741089,0.31977844,0.2546997,0.2822113,0.12831116,0.0004119873,1.5258789e-05
coast_nat736.jpg,0.13217163,0.022766113,0.06489563,0.17410278,0.007843018,0.015136719,0.33010864,0.25297546,0.14500427,0.14175415,0.12376404,0.5276947,0.061782837,0.0,0.0,0.0,0.15716553,0.30421448,0.4213562,0.117263794,0.0,0.0,0.0,0.0
coast_cdmc977.jpg,0.013519287,0.076660156,0.2567749,0.1121521,0.18183899,0.043426514,0.16184998,0.15377808,0.0069885254,0.040390015,0.11645508,0.18418884,0.11720276,0.1842041,0.0978241,0.25274658,0.007217407,0.048080444,0.12265015,0.13827515,0.11566162,0.16586304,0.1244812,0.277771
coast_cdmc848.jpg,0.5974884,0.14572144,0.06712341,0.05757141,0.035217285,0.039474487,0.047698975,0.00970459,0.2233429,0.3647461,0.13092041,0.066986084,0.069488525,0.051834106,0.063705444,0.02897644,0.141922,0.23362732,0.10089111,0.2116394,0.050704956,0.090652466,0.10270691,0.067855835
coast_cdmc873.jpg,0.019989014,0.012863159,0.35575867,0.3981018,0.09967041,0.101242065,0.012374878,0.0,0.019470215,0.0010986328,0.11050415,0.57974243,0.09849548,0.08959961,0.08808899,0.013000488,0.016326904,0.0046081543,0.010864258,0.36764526,0.40805054,0.08161926,0.08337402,0.027511597
coast_n243057.jpg,0.03489685,0.032089233,0.009841919,0.008178711,0.08659363,0.2787323,0.18630981,0.36335754,0.02494812,0.03149414,0.016555786,0.009597778,0.104644775,0.25164795,0.14430237,0.41680908,0.010986328,0.029769897,0.025436401,0.012573242,0.07501221,0.2539215,0.21891785,0.37338257
coast_cdmc929.jpg,0.037643433,0.11074829,0.30187988,0.11706543,0.02104187,0.09465027,0.09051514,0.22645569,0.017227173,0.11439514,0.31835938,0.13154602,0.09564209,0.09744263,0.10215759,0.12322998,0.004333496,0.08047485,0.30195618,0.21702576,0.1819458,0.190094,0.024169922,0.0
coast_cdmc821.jpg,0.28778076,0.48680115,0.062088013,0.043670654,0.019714355,0.018112183,0.03617859,0.045654297,0.17272949,0.42781067,0.17297363,0.06990051,0.041641235,0.03451538,0.06680298,0.013626099,0.023422241,0.118927,0.11778259,0.13291931,0.29605103,0.18409729,0.104766846,0.022033691
coast_n203071.jpg,0.6563568,0.16404724,0.07846069,0.03529358,0.019897461,0.016952515,0.014297485,0.014694214,0.27827454,0.19967651,0.250412,0.1716156,0.06739807,0.014404297,0.012954712,0.005264282,0.053894043,0.11697388,0.2675476,0.08143616,0.058563232,0.25491333,0.16497803,0.0016937256
coast_nat293.jpg,0.0022125244,0.0016937256,0.031021118,0.92393494,0.03086853,0.008834839,0.001373291,6.1035156e-05,0.0,0.00390625,0.031066895,0.9303894,0.025115967,0.008331299,0.001159668,3.0517578e-05,0.0,0.00390625,0.13317871,0.22180176,0.62202454,0.0143585205,0.004486084,0.00024414062
coast_land111.jpg,0.007080078,0.047714233,0.12599182,0.3908844,0.3253479,0.07455444,0.019500732,0.008926392,0.020889282,0.09983826,0.3491211,0.43351746,0.07435608,0.015823364,0.0043182373,0.0021362305,0.051315308,0.2387085,0.594574,0.092681885,0.016586304,0.0040130615,0.0016174316,0.00050354004
coast_nat1175.jpg,0.0058135986,0.008728027,0.012359619,0.46400452,0.18484497,0.14355469,0.10952759,0.07116699,0.012878418,0.004211426,0.34239197,0.29536438,0.1612091,0.111190796,0.05328369,0.019470215,0.009292603,0.0064697266,0.042007446,0.47413635,0.18765259,0.1391449,0.089538574,0.051757812
coast_n199067.jpg,0.14863586,0.28344727,0.22613525,0.17102051,0.0907135,0.036010742,0.02835083,0.015686035,0.077926636,0.34083557,0.29762268,0.12802124,0.10876465,0.025146484,0.01399231,0.0076904297,0.007843018,0.05496216,0.18247986,0.16088867,0.31336975,0.19128418,0.08230591,0.006866455
coast_nat496.jpg,0.16299438,0.2112732,0.2809143,0.095840454,0.028762817,0.07911682,0.08190918,0.059188843,0.107437134,0.1882782,0.20576477,0.20756531,0.050628662,0.026031494,0.099731445,0.11456299,0.09939575,0.17378235,0.17715454,0.12623596,0.1300354,0.042938232,0.022476196,0.22798157
coast_nat294.jpg,0.0,0.002380371,0.09516907,0.44503784,0.23878479,0.12223816,0.0960083,0.00038146973,3.0517578e-05,0.0025482178,0.09611511,0.33059692,0.33164978,0.12960815,0.109451294,0.0,3.0517578e-05,0.0021972656,0.055740356,0.22120667,0.22702026,0.26823425,0.09458923,0.13098145
coast_cdmc951.jpg,0.06913757,0.16760254,0.21432495,0.15510559,0.11091614,0.07510376,0.12905884,0.07875061,0.0070648193,0.022354126,0.0712738,0.11817932,0.18383789,0.2255249,0.14611816,0.22564697,0.008026123,0.019317627,0.056991577,0.10601807,0.13278198,0.1497345,0.25411987,0.27301025
coast_land368.jpg,1.5258789e-05,0.11312866,0.3605652,0.20883179,0.31394958,0.0012054443,0.00088500977,0.0014190674,0.0,0.0019073486,0.23612976,0.2667694,0.25697327,0.23544312,0.00088500977,0.0018920898,0.0,0.0,0.0007171631,0.14369202,0.35066223,0.21470642,0.28753662,0.0026855469
coast_land339.jpg,0.31819153,0.17861938,0.07557678,0.04725647,0.035858154,0.030044556,0.03527832,0.2791748,0.01701355,0.18173218,0.1949768,0.06976318,0.08816528,0.07246399,0.052886963,0.32299805,0.116744995,0.056152344,0.053131104,0.049194336,0.08052063,0.21228027,0.14497375,0.28700256
coast_nat1099.jpg,0.39372253,0.3158722,0.16275024,0.062301636,0.030029297,0.022567749,0.0068206787,0.005935669,0.14675903,0.21881104,0.1599884,0.22415161,0.12597656,0.056243896,0.030456543,0.037612915,0.039108276,0.11074829,0.13459778,0.2144928,0.18460083,0.18229675,0.07473755,0.059417725
coast_land334.jpg,0.20056152,0.09901428,0.27494812,0.19975281,0.098983765,0.07142639,0.013549805,0.041763306,0.0062408447,0.2328949,0.24996948,0.37654114,0.06326294,0.016403198,0.013809204,0.040878296,0.015182495,0.14761353,0.41583252,0.16810608,0.18080139,0.018112183,0.014511108,0.0398407
coast_land112.jpg,0.2494812,0.2358551,0.26393127,0.17089844,0.049468994,0.0115356445,0.009933472,0.008895874,1.5258789e-05,0.20082092,0.29707336,0.44770813,0.019989014,0.012619019,0.010894775,0.010879517,0.00390625,0.15029907,0.47184753,0.15934753,0.1885376,0.012771606,0.011138916,0.0021514893
coast_n328052.jpg,0.025039673,0.2335968,0.16282654,0.07575989,0.0793457,0.055923462,0.05291748,0.31459045,0.04284668,0.2980652,0.1399231,0.10940552,0.09184265,0.07110596,0.084747314,0.1620636,0.45791626,0.430542,0.05101013,0.029327393,0.019058228,0.008560181,0.0032653809,0.00032043457
coast_n672069.jpg,0.010314941,0.10546875,0.048171997,0.104385376,0.18234253,0.23695374,0.3113098,0.0010528564,0.0019226074,0.08224487,0.013061523,0.02583313,0.1937561,0.34968567,0.3334961,0.0,0.011047363,0.06239319,0.009811401,0.0065307617,0.00932312,0.10298157,0.7928467,0.005065918
coast_land108.jpg,0.035461426,0.5000763,0.4421234,0.020950317,0.00065612793,0.0002593994,0.00024414062,0.00022888184,0.0019226074,0.003112793,0.26731873,0.3033142,0.3888092,0.034606934,0.0004272461,0.00048828125,0.0005340576,0.004058838,0.0113220215,0.3736725,0.3099823,0.29870605,0.001159668,0.0005645752
coast_nat865.jpg,0.0,0.036880493,0.035095215,0.1507721,0.115097046,0.017456055,0.014526367,0.6301727,0.0028076172,0.080718994,0.3426056,0.21099854,0.23539734,0.07588196,0.030639648,0.020950317,0.07232666,0.7703705,0.15716553,0.0001373291,0.0,0.0,0.0,0.0
coast_land115.jpg,0.09854126,0.5094757,0.054367065,0.31730652,0.0087890625,0.0065460205,0.0036621094,0.0013122559,0.02519226,0.1829071,0.4203186,0.08111572,0.2804718,0.0063476562,0.002960205,0.0006866455,0.024353027,0.05984497,0.32572937,0.23374939,0.05859375,0.2966156,0.00093078613,0.00018310547
coast_n203085.jpg,0.062210083,0.3369751,0.29077148,0.1747284,0.095718384,0.02116394,0.011581421,0.0068511963,0.033843994,0.066726685,0.14027405,0.31922913,0.19789124,0.16889954,0.06639099,0.0067443848,0.11631775,0.08425903,0.080444336,0.08743286,0.13876343,0.13360596,0.24583435,0.113342285
coast_n291057.jpg,0.04107666,0.09938049,0.07954407,0.08888245,0.092941284,0.06744385,0.07008362,0.46064758,0.128479,0.13174438,0.27809143,0.15705872,0.16825867,0.090652466,0.045715332,0.0,0.1351471,0.38424683,0.43429565,0.046310425,0.0,0.0,0.0,0.0
coast_land341.jpg,0.3136902,0.38996887,0.10557556,0.08544922,0.020690918,0.07165527,0.012435913,0.0005340576,0.06211853,0.23535156,0.39598083,0.20082092,0.044891357,0.059646606,0.0008239746,0.00036621094,0.10467529,0.07510376,0.070632935,0.3432312,0.3784485,0.027114868,0.0005340576,0.0002593994
coast_cdmc853.jpg,0.16358948,0.06135559,0.11691284,0.23861694,0.15367126,0.056655884,0.10505676,0.104141235,0.16014099,0.057037354,0.07183838,0.3083954,0.19493103,0.08479309,0.11543274,0.0074310303,0.143219,0.03842163,0.047424316,0.065338135,0.17663574,0.22393799,0.21348572,0.091537476
coast_n735016.jpg,0.19758606,0.23109436,0.18829346,0.10722351,0.07249451,0.057144165,0.07373047,0.07243347,0.5885315,0.26327515,0.06468201,0.022537231,0.019714355,0.015808105,0.014877319,0.010574341,0.48498535,0.33807373,0.16612244,0.010787964,3.0517578e-05,0.0,0.0,0.0
coast_nat479.jpg,0.036727905,0.37417603,0.35517883,0.07635498,0.14161682,0.0053863525,0.003326416,0.007232666,0.028457642,0.053604126,0.34368896,0.3831482,0.16519165,0.018981934,0.005264282,0.001663208,0.07980347,0.11602783,0.0710907,0.17086792,0.3821411,0.060287476,0.11972046,6.1035156e-05
coast_n243062.jpg,0.46199036,0.06451416,0.04119873,0.03526306,0.27970886,0.1088562,0.0058898926,0.0025787354,0.1892395,0.22627258,0.13398743,0.07040405,0.019332886,0.028823853,0.33087158,0.0010681152,0.04269409,0.0499115,0.2590332,0.21513367,0.075912476,0.017181396,0.33952332,0.00061035156
coast_n295068.jpg,0.018127441,0.08760071,0.14840698,0.2485199,0.23710632,0.21925354,0.035354614,0.005630493,0.0289917,0.07199097,0.08047485,0.17903137,0.13703918,0.18426514,0.30293274,0.015274048,0.040740967,0.06600952,0.051986694,0.1383667,0.1403656,0.14968872,0.36003113,0.05281067
coast_n228083.jpg,0.49830627,0.115493774,0.021713257,0.021530151,0.34069824,0.0017547607,0.00048828125,1.5258789e-05,0.029006958,0.05381775,0.25001526,0.27342224,0.041503906,0.3514099,0.00074768066,7.6293945e-05,0.012054443,0.02432251,0.024536133,0.044067383,0.27389526,0.26860046,0.3518219,0.0007019043
coast_cdmc990.jpg,0.2130127,0.21020508,0.10041809,0.056991577,0.072387695,0.07888794,0.048294067,0.21980286,0.19311523,0.22045898,0.10076904,0.0650177,0.08248901,0.0831604,0.04284668,0.21214294,0.081451416,0.22784424,0.16571045,0.10513306,0.12553406,0.0736084,0.08824158,0.1324768
coast_nat1125.jpg,0.1290741,0.40596008,0.100372314,0.109954834,0.11351013,0.053863525,0.023498535,0.06376648,0.08418274,0.18229675,0.29437256,0.08885193,0.17575073,0.103012085,0.06550598,0.0060272217,0.21159363,0.09516907,0.044296265,0.1227417,0.19168091,0.047668457,0.04675293,0.24009705
coast_nat491.jpg,0.041397095,0.10417175,0.22680664,0.1855774,0.12263489,0.07710266,0.049591064,0.1927185,0.06544495,0.144104,0.4080963,0.19392395,0.05908203,0.031341553,0.022537231,0.07546997,0.32893372,0.37832642,0.28562927,0.0032348633,0.0015716553,0.00074768066,0.0005187988,0.0010375977
coast_cdmc923.jpg,0.00016784668,0.0030670166,0.20335388,0.23908997,0.15130615,0.395401,0.0076141357,0.0,0.0,7.6293945e-05,0.0016021729,0.009353638,0.25938416,0.32478333,0.40478516,1.5258789e-05,0.0,1.5258789e-05,0.00016784668,0.0045166016,0.0059051514,0.07197571,0.5229645,0.39445496
coast_cdmc900.jpg,0.02659607,0.059173584,0.076797485,0.19398499,0.21260071,0.11425781,0.068481445,0.24810791,0.022155762,0.05659485,0.11430359,0.32447815,0.15887451,0.075164795,0.12478638,0.12364197,0.015670776,0.040634155,0.081466675,0.34477234,0.2421875,0.13668823,0.105773926,0.032806396
coast_land924.jpg,0.030395508,0.3733368,0.18177795,0.3314972,0.04574585,0.011489868,0.016952515,0.008804321,0.0027770996,0.03529358,0.52323914,0.19281006,0.22601318,0.009033203,0.008529663,0.0023040771,0.00047302246,0.027908325,0.43263245,0.31227112,0.21200562,0.009246826,0.0027313232,0.0027313232
coast_cdmc845.jpg,0.20928955,0.28579712,0.14207458,0.14228821,0.17384338,0.020355225,0.015289307,0.011062622,0.18815613,0.22914124,0.13375854,0.13446045,0.09020996,0.19151306,0.017333984,0.015426636,0.14956665,0.1920929,0.14927673,0.0901947,0.12838745,0.053344727,0.2156372,0.021499634
coast_nat186.jpg,0.0,0.00015258789,0.013183594,0.101135254,0.12797546,0.5340729,0.18351746,0.03996277,0.0,4.5776367e-05,0.008972168,0.055236816,0.11781311,0.7600403,0.057891846,0.0,0.0,0.0001373291,0.009063721,0.06954956,0.26565552,0.61602783,0.03956604,0.0
coast_nat109.jpg,0.0013580322,0.120010376,0.10054016,0.113204956,0.22232056,0.17434692,0.10096741,0.16725159,0.017715454,0.15472412,0.118133545,0.30090332,0.24172974,0.11543274,0.027786255,0.02357483,0.007507324,0.12608337,0.0667572,0.17199707,0.21473694,0.24380493,0.13531494,0.033798218
coast_cdmc997.jpg,0.01889038,0.3415985,0.33522034,0.17059326,0.09144592,0.030792236,0.01083374,0.00062561035,0.028503418,0.2188263,0.18457031,0.30508423,0.18334961,0.054367065,0.020080566,0.005218506,0.014755249,0.24127197,0.09288025,0.09953308,0.43017578,0.10974121,0.011199951,0.00044250488
coast_nat1265.jpg,0.0,0.0066986084,0.053604126,0.511734,0.37324524,0.053771973,0.0009460449,0.0,0.0002593994,0.0096588135,0.06149292,0.18249512,0.2935791,0.44895935,0.0035247803,3.0517578e-05,0.00039672852,0.018554688,0.052444458,0.17831421,0.038864136,0.008880615,0.56381226,0.13873291
coast_n328036.jpg,0.07711792,0.12632751,0.31129456,0.37742615,0.03967285,0.02835083,0.03213501,0.007675171,0.01966858,0.053009033,0.10920715,0.1921997,0.48788452,0.09352112,0.038742065,0.0057678223,0.019485474,0.034057617,0.08030701,0.1342926,0.22106934,0.27388,0.2331543,0.003753662
coast_nat1149.jpg,0.0020446777,0.030014038,0.06530762,0.3060913,0.281662,0.25627136,0.0549469,0.0036621094,0.0016021729,0.0059661865,0.043685913,0.16061401,0.4232025,0.29171753,0.07060242,0.002609253,0.0016479492,0.0027160645,0.01361084,0.06503296,0.46730042,0.18492126,0.24507141,0.019699097
coast_n291075.jpg,0.013885498,0.026992798,0.16333008,0.17658997,0.09933472,0.16067505,0.32670593,0.032485962,0.017486572,0.03717041,0.18559265,0.16545105,0.10722351,0.19372559,0.28985596,0.0034942627,0.017318726,0.036315918,0.17254639,0.18913269,0.107162476,0.20858765,0.26812744,0.0008087158
coast_nat172.jpg,0.0,0.203125,0.2882843,0.13150024,0.0967865,0.0665741,0.05255127,0.16117859,0.0,0.22393799,0.3450775,0.15162659,0.13916016,0.04837036,0.03503418,0.056793213,0.00038146973,0.19496155,0.3363037,0.17477417,0.10038757,0.14916992,0.025787354,0.018234253
coast_n384038.jpg,0.09448242,0.11218262,0.16218567,0.2772522,0.30841064,0.031570435,0.012008667,0.0019073486,0.013885498,0.006454468,0.035461426,0.10281372,0.46020508,0.36679077,0.012527466,0.0018615723,0.025817871,0.026153564,0.022232056,0.025894165,0.19195557,0.20344543,0.5032959,0.0012054443
coast_cdmc838.jpg,0.0118255615,0.16070557,0.23466492,0.3251648,0.13729858,0.08163452,0.03933716,0.0093688965,0.012512207,0.04307556,0.36549377,0.44108582,0.08242798,0.03364563,0.019104004,0.0026550293,0.011947632,0.0118255615,0.068740845,0.40071106,0.42642212,0.051239014,0.024475098,0.004638672
coast_land114.jpg,0.004425049,0.008712769,0.75627136,0.21212769,0.014556885,0.0035552979,0.00033569336,1.5258789e-05,0.004257202,0.0034942627,0.079559326,0.8699951,0.029541016,0.010421753,0.0024871826,0.00024414062,0.007446289,0.0052948,0.1448822,0.33599854,0.4815216,0.016601562,0.006652832,0.0016021729
coast_nat1091.jpg,0.6009979,0.025436401,0.022155762,0.036575317,0.05355835,0.07154846,0.06628418,0.1234436,0.43608093,0.15104675,0.033706665,0.022384644,0.030319214,0.039260864,0.03564453,0.2515564,0.061920166,0.16931152,0.09146118,0.11407471,0.15345764,0.0773468,0.02609253,0.30633545
coast_land902.jpg,0.012863159,0.078323364,0.14990234,0.16868591,0.06808472,0.079956055,0.27349854,0.16868591,0.0067749023,0.037826538,0.052627563,0.18643188,0.17524719,0.06304932,0.344635,0.1334076,0.07354736,0.038253784,0.018310547,0.081100464,0.19174194,0.07524109,0.14170837,0.38009644
coast_land370.jpg,0.0026855469,0.018539429,0.06442261,0.549942,0.33644104,0.023208618,0.004760742,0.0,0.00045776367,0.010803223,0.03656006,0.044311523,0.18269348,0.59654236,0.11958313,0.009048462,0.000579834,0.014297485,0.048217773,0.033798218,0.008331299,0.0043182373,0.04168701,0.84877014
coast_land367.jpg,0.09120178,0.42874146,0.2842865,0.15422058,0.011062622,0.008636475,0.007156372,0.014694214,4.5776367e-05,0.034210205,0.36817932,0.53826904,0.024642944,0.010574341,0.008117676,0.015960693,0.0,0.0,0.0017089844,0.12413025,0.48721313,0.33946228,0.02357483,0.023910522
coast_land372.jpg,0.052108765,0.12908936,0.1962738,0.24594116,0.077316284,0.04663086,0.17167664,0.080963135,0.0,0.00015258789,0.014984131,0.24421692,0.3808136,0.07839966,0.17425537,0.107177734,0.0,3.0517578e-05,0.002456665,0.0769043,0.30384827,0.29118347,0.029342651,0.29623413
coast_cdmc866.jpg,0.33035278,0.23118591,0.122909546,0.12657166,0.10675049,0.05947876,0.019485474,0.0032653809,0.07171631,0.24057007,0.27999878,0.16027832,0.16773987,0.054977417,0.021438599,0.0032806396,0.021469116,0.024093628,0.1726532,0.27514648,0.34306335,0.106796265,0.048217773,0.008560181
coast_n243030.jpg,0.15559387,0.120666504,0.15905762,0.20916748,0.091934204,0.14118958,0.11672974,0.0056610107,0.16062927,0.12641907,0.11558533,0.21347046,0.10939026,0.151474,0.12008667,0.0029449463,0.17080688,0.12825012,0.09840393,0.058776855,0.020904541,0.17729187,0.33558655,0.009979248
coast_n295080.jpg,0.0493927,0.21679688,0.19958496,0.14596558,0.13845825,0.11755371,0.11039734,0.021850586,0.10664368,0.25668335,0.19824219,0.1567688,0.11088562,0.08709717,0.07948303,0.004196167,0.10568237,0.30929565,0.19680786,0.16738892,0.06808472,0.07685852,0.07337952,0.0025024414
coast_nat807.jpg,0.0058288574,0.07783508,0.18721008,0.2869568,0.26220703,0.10568237,0.054397583,0.019882202,1.5258789e-05,0.01272583,0.15756226,0.30847168,0.14567566,0.29542542,0.07159424,0.008529663,9.1552734e-05,0.004180908,0.10395813,0.31803894,0.19380188,0.13139343,0.21694946,0.031585693
coast_land258.jpg,0.07585144,0.15162659,0.22021484,0.24241638,0.14057922,0.107040405,0.051971436,0.010299683,0.008300781,0.05517578,0.13920593,0.1391449,0.25527954,0.18170166,0.16209412,0.05909729,0.04586792,0.032684326,0.047927856,0.07557678,0.072525024,0.061538696,0.07304382,0.5908356
coast_cdmc924.jpg,0.12336731,0.09989929,0.0864563,0.16049194,0.24897766,0.07096863,0.13661194,0.07322693,0.09422302,0.09094238,0.075149536,0.07563782,0.20188904,0.22236633,0.066604614,0.17318726,0.1423645,0.08647156,0.050369263,0.055267334,0.10435486,0.23831177,0.11602783,0.20683289
coast_nat288.jpg,0.000289917,0.18566895,0.2697296,0.05758667,0.4431305,0.024276733,0.011062622,0.008255005,0.00019836426,0.028030396,0.40675354,0.07746887,0.44548035,0.023513794,0.010681152,0.007873535,1.5258789e-05,0.0016174316,0.08482361,0.38050842,0.07437134,0.42823792,0.017120361,0.013305664
coast_n295051.jpg,0.010467529,0.083740234,0.21307373,0.27449036,0.10166931,0.067596436,0.23693848,0.012023926,0.0765686,0.049972534,0.24053955,0.26841736,0.072784424,0.055130005,0.23451233,0.0020751953,0.07925415,0.046722412,0.1427002,0.3005371,0.14334106,0.05340576,0.23019409,0.0038452148
coast_nat820.jpg,0.18106079,0.21801758,0.22421265,0.11482239,0.11276245,0.08944702,0.052993774,0.0066833496,0.12712097,0.098236084,0.1335907,0.095947266,0.14385986,0.13337708,0.18162537,0.086242676,0.315979,0.059783936,0.047698975,0.031433105,0.13414001,0.071380615,0.20108032,0.13850403
coast_cdmc955.jpg,0.11125183,0.44888306,0.04826355,0.03048706,0.09855652,0.048324585,0.072769165,0.14146423,0.059906006,0.4965515,0.06945801,0.12409973,0.056503296,0.08627319,0.07208252,0.035125732,0.15710449,0.4219818,0.20903015,0.14224243,0.069610596,3.0517578e-05,0.0,0.0
coast_n241020.jpg,0.3529663,0.437088,0.099243164,0.032440186,0.014602661,0.012161255,0.041625977,0.0098724365,0.52368164,0.25108337,0.12553406,0.034240723,0.01335144,0.012939453,0.03765869,0.0015106201,0.56573486,0.269516,0.120391846,0.027923584,0.0056762695,0.008148193,0.0024871826,0.00012207031
coast_nat605.jpg,0.0059509277,0.031585693,0.091796875,0.18995667,0.2798767,0.19992065,0.14364624,0.057266235,0.0067749023,0.046173096,0.072280884,0.14175415,0.38858032,0.21116638,0.10015869,0.033111572,0.019241333,0.07022095,0.08544922,0.19763184,0.22297668,0.33261108,0.059448242,0.012420654
coast_nat711.jpg,3.0517578e-05,0.003540039,0.11755371,0.20176697,0.2766571,0.23893738,0.08985901,0.07165527,0.0,0.0005187988,0.0050354004,0.08175659,0.18882751,0.27722168,0.27314758,0.17349243,0.0,0.00093078613,0.003189087,0.0073242188,0.108947754,0.31845093,0.45690918,0.10424805
coast_n203011.jpg,0.14611816,0.5742035,0.26353455,0.014465332,0.0006713867,0.000579834,0.00032043457,0.00010681152,0.0099487305,0.044708252,0.09669495,0.14813232,0.18673706,0.35269165,0.16091919,0.00016784668,0.023117065,0.07495117,0.14555359,0.14064026,0.122024536,0.4619751,0.031692505,4.5776367e-05
coast_nat707.jpg,0.07318115,0.12963867,0.05029297,0.051742554,0.09448242,0.3487091,0.21990967,0.032043457,0.049728394,0.091278076,0.0789032,0.061798096,0.12226868,0.45188904,0.11392212,0.030212402,0.04171753,0.06506348,0.07028198,0.106674194,0.18814087,0.38815308,0.083358765,0.056610107
coast_nat850.jpg,0.12158203,0.19599915,0.5335541,0.08808899,0.0118255615,0.0043792725,0.007156372,0.03741455,0.011993408,0.2058258,0.09197998,0.27676392,0.35786438,0.008605957,0.0040283203,0.042938232,0.011703491,0.0040893555,0.22862244,0.118377686,0.4985962,0.08982849,0.004989624,0.043792725
coast_cdmc871.jpg,0.2843933,0.28175354,0.18508911,0.1590271,0.042755127,0.029129028,0.016403198,0.001449585,0.15351868,0.13116455,0.2539215,0.19367981,0.1832428,0.078063965,0.004196167,0.0022125244,0.14172363,0.07167053,0.0695343,0.17112732,0.20077515,0.17256165,0.16894531,0.0036621094
coast_n708050.jpg,0.0025787354,0.12428284,0.6196747,0.1608429,0.05908203,0.022994995,0.008773804,0.0017700195,0.0023345947,0.016647339,0.86535645,0.11282349,0.0022888184,0.0002593994,0.00015258789,0.0001373291,0.0016326904,0.0068206787,0.06745911,0.7847748,0.13877869,0.00039672852,0.0001373291,0.0
coast_n228047.jpg,0.4784088,0.14897156,0.1194458,0.11608887,0.07722473,0.05114746,0.008712769,0.0,0.100997925,0.07991028,0.15859985,0.2190857,0.30300903,0.10218811,0.036102295,0.00010681152,0.09446716,0.041488647,0.025726318,0.02835083,0.091430664,0.47695923,0.23197937,0.009597778
coast_land374.jpg,0.0881958,0.2175293,0.18208313,0.26831055,0.15000916,0.06373596,0.010116577,0.020019531,0.0,0.09033203,0.29315186,0.48849487,0.08869934,0.010665894,0.009613037,0.019042969,0.0,0.001953125,0.4028778,0.24542236,0.036865234,0.2833252,0.009338379,0.020217896
coast_n203030.jpg,0.039535522,0.205719,0.16809082,0.26229858,0.12705994,0.044036865,0.053237915,0.10002136,0.09251404,0.13305664,0.07467651,0.10005188,0.19171143,0.10076904,0.18891907,0.11830139,0.17623901,0.10394287,0.05154419,0.062316895,0.12625122,0.1864624,0.21438599,0.07885742
coast_n291008.jpg,0.02078247,0.1268158,0.29562378,0.22511292,0.07003784,0.111343384,0.13858032,0.011703491,0.025497437,0.06367493,0.2578888,0.3282013,0.04006958,0.06425476,0.2119751,0.00843811,0.026901245,0.0705719,0.13923645,0.22767639,0.19555664,0.058547974,0.2267456,0.054763794
coast_n243011.jpg,0.039993286,0.09635925,0.18025208,0.07980347,0.065704346,0.5158386,0.016860962,0.0051879883,0.042022705,0.0256958,0.17182922,0.14064026,0.06416321,0.12794495,0.42358398,0.004119873,0.0496521,0.021942139,0.05078125,0.1880951,0.1350708,0.03527832,0.5165863,0.0025939941
coast_n203066.jpg,0.069122314,0.094055176,0.26106262,0.40122986,0.13313293,0.029815674,0.008056641,0.0035247803,0.08477783,0.073287964,0.09420776,0.23829651,0.32499695,0.09629822,0.07165527,0.016479492,0.15657043,0.05821228,0.07197571,0.06266785,0.08639526,0.13082886,0.37742615,0.055923462
coast_land296.jpg,0.046661377,0.33596802,0.39546204,0.14912415,0.027862549,0.017211914,0.011230469,0.016479492,0.0,0.091156006,0.49606323,0.33085632,0.033416748,0.01940918,0.01222229,0.01687622,0.0,0.002380371,0.25379944,0.44696045,0.24069214,0.02368164,0.014877319,0.017608643
coast_land277.jpg,0.53274536,0.16287231,0.14466858,0.08042908,0.03904724,0.032470703,0.006790161,0.0009765625,0.003112793,0.3082428,0.24023438,0.26385498,0.13644409,0.035720825,0.010314941,0.0020751953,0.003036499,0.0033416748,0.16998291,0.72639465,0.07406616,0.017578125,0.0028076172,0.0027923584
coast_cdmc933.jpg,0.02293396,0.07777405,0.19190979,0.45803833,0.19778442,0.0435791,0.0070343018,0.0009460449,0.021697998,0.09465027,0.1541748,0.3965912,0.28045654,0.044555664,0.006881714,0.0009918213,0.014205933,0.08570862,0.14059448,0.25299072,0.45092773,0.048080444,0.0066833496,0.0008087158
coast_nat1065.jpg,0.15911865,0.07836914,0.07223511,0.27095032,0.31227112,0.1068573,0.00019836426,0.0,0.09173584,0.08139038,0.053833008,0.12483215,0.39030457,0.22128296,0.036621094,0.0,0.03404236,0.08055115,0.04333496,0.02545166,0.034805298,0.057876587,0.21617126,0.5077667
coast_n486055.jpg,0.013198853,0.111694336,0.14151001,0.16819763,0.10990906,0.17892456,0.25836182,0.018203735,0.0030670166,0.0103302,0.11203003,0.21513367,0.22009277,0.21336365,0.21994019,0.0060424805,0.004547119,0.0033111572,0.0025634766,0.025787354,0.47610474,0.47529602,0.012390137,0.0
coast_n291032.jpg,0.1328888,0.26652527,0.17713928,0.13400269,0.11105347,0.07872009,0.08268738,0.016983032,0.09857178,0.29315186,0.1826477,0.11128235,0.093551636,0.08831787,0.10997009,0.022506714,0.3907013,0.2749176,0.16148376,0.077316284,0.0370636,0.024841309,0.030822754,0.0028533936
coast_nat1112.jpg,0.08232117,0.16906738,0.26376343,0.2568512,0.15440369,0.037475586,0.02104187,0.015075684,0.11338806,0.54052734,0.28445435,0.04032898,0.010070801,0.008392334,0.0028381348,0.0,0.16679382,0.73947144,0.08639526,0.005493164,0.0007171631,0.00079345703,0.00033569336,0.0
coast_nat174.jpg,0.00843811,0.0034179688,0.01876831,0.1931305,0.34136963,0.26364136,0.12582397,0.045410156,0.008331299,0.0035247803,0.0065612793,0.04295349,0.4185791,0.2339325,0.20248413,0.08363342,0.009567261,0.004547119,0.018630981,0.15382385,0.049987793,0.26489258,0.19825745,0.30029297
coast_n384030.jpg,0.011245728,0.02935791,0.05215454,0.08280945,0.1431427,0.3151245,0.29104614,0.07511902,0.012542725,0.020202637,0.044555664,0.086639404,0.29292297,0.27752686,0.18952942,0.07608032,0.040725708,0.052474976,0.06266785,0.25408936,0.20040894,0.09291077,0.18499756,0.11172485
coast_nat472.jpg,0.12826538,0.3800354,0.07951355,0.2021637,0.118133545,0.0446167,0.042160034,0.0051116943,0.043380737,0.13693237,0.42156982,0.18966675,0.06523132,0.043701172,0.044799805,0.054718018,0.04423523,0.24494934,0.1317749,0.23565674,0.13838196,0.052108765,0.041152954,0.11174011
coast_n203069.jpg,0.44709778,0.2088623,0.158432,0.07032776,0.039718628,0.041778564,0.025024414,0.008758545,0.20158386,0.26785278,0.21977234,0.17338562,0.05305481,0.04762268,0.027816772,0.008911133,0.14007568,0.21784973,0.16497803,0.23565674,0.14744568,0.04798889,0.037887573,0.008117676
coast_nat283.jpg,1.5258789e-05,0.0038909912,0.007293701,0.43476868,0.15609741,0.15628052,0.13209534,0.109558105,0.00390625,0.0010070801,0.31524658,0.26333618,0.17114258,0.13310242,0.07392883,0.038330078,0.00045776367,0.0035552979,0.02671814,0.44554138,0.17140198,0.15548706,0.11074829,0.08609009
coast_land951.jpg,0.011566162,0.3294983,0.21896362,0.1820221,0.13833618,0.06484985,0.024429321,0.030334473,0.01008606,0.40652466,0.26737976,0.16770935,0.113082886,0.020523071,0.009490967,0.005203247,0.008743286,0.38809204,0.32707214,0.16673279,0.09837341,0.007659912,0.0022277832,0.0010986328
coast_n291024.jpg,0.039413452,0.09399414,0.2685089,0.3436737,0.14279175,0.078811646,0.027740479,0.005065918,0.065979004,0.10386658,0.24076843,0.22142029,0.23262024,0.08808899,0.042800903,0.0044555664,0.095962524,0.082458496,0.08720398,0.19996643,0.25012207,0.21054077,0.06694031,0.00680542
coast_cdmc841.jpg,0.39266968,0.25445557,0.10832214,0.07356262,0.07394409,0.046173096,0.04801941,0.0028533936,0.21012878,0.14302063,0.22254944,0.14958191,0.1053772,0.08885193,0.05822754,0.022262573,0.16072083,0.113983154,0.08874512,0.10295105,0.19146729,0.15847778,0.120513916,0.06314087
coast_n344048.jpg,0.042800903,0.099624634,0.3851471,0.27326965,0.12701416,0.04296875,0.024124146,0.005050659,0.013671875,0.15278625,0.28771973,0.2846985,0.12539673,0.079833984,0.047332764,0.008560181,0.057357788,0.18095398,0.23257446,0.15567017,0.08555603,0.18699646,0.083999634,0.01689148
coast_land100.jpg,0.0026397705,0.046218872,0.17337036,0.22877502,0.32518005,0.08203125,0.0566864,0.08509827,0.0020446777,0.009429932,0.12005615,0.18884277,0.30523682,0.20774841,0.0667572,0.09988403,0.004257202,0.040985107,0.14712524,0.15693665,0.22236633,0.2866974,0.057739258,0.08389282
coast_n672003.jpg,0.20497131,0.12924194,0.10166931,0.1003418,0.12780762,0.16452026,0.1490326,0.022415161,0.2814331,0.17456055,0.12025452,0.12043762,0.13856506,0.15097046,0.0137786865,0.0,0.34336853,0.2898407,0.15638733,0.090545654,0.08366394,0.03593445,0.0002593994,0.0
coast_land623.jpg,0.120224,0.23165894,0.52989197,0.11364746,0.004470825,9.1552734e-05,1.5258789e-05,0.0,0.005554199,0.09916687,0.2605133,0.40264893,0.22862244,0.0034332275,4.5776367e-05,1.5258789e-05,0.016448975,0.17259216,0.3073578,0.14608765,0.06556702,0.20506287,0.086746216,0.0001373291
coast_cdmc960.jpg,0.016448975,0.1327362,0.2425232,0.24554443,0.20895386,0.12719727,0.026367188,0.00022888184,0.014694214,0.09538269,0.22677612,0.15872192,0.28015137,0.17755127,0.04649353,0.00022888184,0.037597656,0.06977844,0.18025208,0.11781311,0.19792175,0.36610413,0.03048706,4.5776367e-05
coast_n203037.jpg,0.318985,0.16610718,0.19566345,0.093551636,0.08943176,0.070877075,0.048324585,0.017059326,0.03794861,0.1322937,0.3590393,0.13372803,0.11820984,0.111206055,0.08694458,0.020629883,0.05886841,0.108566284,0.021987915,0.024932861,0.23539734,0.10139465,0.33329773,0.11555481
coast_cdmc916.jpg,0.04475403,0.008163452,0.04675293,0.15042114,0.13026428,0.095077515,0.31910706,0.2054596,0.045639038,0.007446289,0.1169281,0.14668274,0.08717346,0.11538696,0.34184265,0.13890076,0.04586792,0.01184082,0.13261414,0.14776611,0.06996155,0.1561737,0.36091614,0.07485962
coast_nat1208.jpg,0.02168274,0.090789795,0.27902222,0.25926208,0.3324585,0.007797241,0.005935669,0.0030517578,0.009857178,0.058670044,0.28349304,0.13197327,0.24757385,0.25993347,0.0056610107,0.0028381348,0.010910034,0.015716553,0.03970337,0.14811707,0.23239136,0.053375244,0.35411072,0.14567566
coast_nat284.jpg,0.056793213,0.4096222,0.3388977,0.009185791,0.010528564,0.039093018,0.12193298,0.013946533,0.013549805,0.17115784,0.6143646,0.01373291,0.009902954,0.022644043,0.14189148,0.012756348,0.0,0.01687622,0.33370972,0.4476471,0.016098022,0.010620117,0.09246826,0.08258057
coast_n228092.jpg,0.48382568,0.13934326,0.14179993,0.10520935,0.080947876,0.025177002,0.01701355,0.0066833496,0.083496094,0.13647461,0.16096497,0.17616272,0.23118591,0.17391968,0.027252197,0.010543823,0.052612305,0.05331421,0.073516846,0.07862854,0.056427002,0.14094543,0.5064087,0.038146973
coast_nat1177.jpg,0.063964844,0.11210632,0.1859436,0.2562256,0.11273193,0.0519104,0.15335083,0.06376648,0.011672974,0.0017089844,0.030807495,0.22697449,0.3964386,0.0869751,0.16117859,0.084243774,0.0103302,0.0021820068,0.007217407,0.092041016,0.2850647,0.30267334,0.03074646,0.26974487
coast_nat482.jpg,0.004272461,0.021362305,0.49952698,0.28581238,0.17773438,0.0053253174,0.0032196045,0.002746582,0.003921509,0.00932312,0.21847534,0.30551147,0.29692078,0.16239929,0.002166748,0.0012817383,0.00048828125,0.0045776367,0.087768555,0.2244873,0.119384766,0.17225647,0.33366394,0.057373047
coast_nat1146.jpg,0.0076446533,0.022872925,0.11294556,0.41142273,0.22982788,0.19869995,0.016220093,0.00036621094,0.0115356445,0.02758789,0.111328125,0.41627502,0.16453552,0.250885,0.017654419,0.00019836426,0.015701294,0.03126526,0.08413696,0.30618286,0.18431091,0.24032593,0.13795471,0.00012207031
coast_land369.jpg,0.0,0.01512146,0.33462524,0.6127472,0.01625061,0.008407593,0.0067596436,0.006088257,0.0,0.00579834,0.39820862,0.5660858,0.010681152,0.008346558,0.0061035156,0.004776001,0.0,0.25364685,0.10121155,0.20007324,0.42430115,0.0095825195,0.006942749,0.0042419434
coast_nat642.jpg,0.07572937,0.0940094,0.102264404,0.13819885,0.12161255,0.10961914,0.20593262,0.15263367,0.102630615,0.109558105,0.106674194,0.14649963,0.09790039,0.11886597,0.20422363,0.11364746,0.06925964,0.08155823,0.10821533,0.14511108,0.14396667,0.11515808,0.22961426,0.1071167
coast_n286096.jpg,0.020584106,0.019332886,0.0395813,0.07316589,0.29533386,0.41670227,0.09802246,0.03727722,0.022033691,0.023666382,0.03996277,0.073028564,0.42782593,0.27947998,0.09716797,0.036834717,0.020553589,0.018508911,0.030960083,0.044128418,0.17463684,0.44726562,0.19862366,0.065322876
coast_land261.jpg,0.043258667,0.10006714,0.036254883,0.217453,0.22267151,0.08409119,0.093322754,0.20288086,0.044692993,0.1428833,0.5713806,0.23692322,0.0015869141,0.000289917,0.00022888184,0.0020141602,0.04399109,0.5805664,0.37243652,0.0030059814,0.0,0.0,0.0,0.0
coast_cdmc969.jpg,0.0,0.0103302,0.46821594,0.17697144,0.33007812,0.007019043,0.004180908,0.0032043457,0.0,0.002029419,0.057632446,0.49993896,0.11102295,0.3249817,0.0023651123,0.002029419,0.0030212402,0.017410278,0.07850647,0.35466003,0.2059784,0.34016418,0.0002593994,0.0
coast_cdmc825.jpg,0.0687561,0.2150116,0.24893188,0.15197754,0.1473999,0.16429138,0.0027770996,0.0008544922,0.028076172,0.0132751465,0.05569458,0.20100403,0.21401978,0.2532196,0.23342896,0.0012817383,0.027313232,0.0121154785,0.041229248,0.13793945,0.18791199,0.14576721,0.17628479,0.2714386
coast_nat196.jpg,0.0,4.5776367e-05,0.00018310547,0.03916931,0.33828735,0.31184387,0.24209595,0.068374634,0.0,0.0,4.5776367e-05,0.0016937256,0.0184021,0.4282074,0.4512024,0.10044861,0.0,0.0,6.1035156e-05,0.00019836426,0.018325806,0.13349915,0.6904602,0.15745544
coast_land113.jpg,0.37628174,0.39569092,0.1882019,0.019622803,0.0010375977,0.0026550293,0.006576538,0.009933472,0.045913696,0.11300659,0.38139343,0.38417053,0.05606079,0.002380371,0.013641357,0.0034332275,0.010055542,0.11567688,0.17327881,0.058746338,0.4967804,0.14457703,0.00088500977,0.0
coast_land237.jpg,4.5776367e-05,0.0015258789,0.041625977,0.16259766,0.31240845,0.24998474,0.21827698,0.013534546,0.0,0.00012207031,0.007156372,0.04951477,0.1899414,0.28988647,0.27008057,0.19329834,3.0517578e-05,0.0034637451,0.008010864,0.021728516,0.09603882,0.12123108,0.20135498,0.5481415
coast_nat194.jpg,0.07148743,0.12774658,0.108047485,0.06347656,0.07183838,0.2773285,0.23980713,0.040267944,0.03012085,0.040863037,0.1401825,0.1312561,0.05671692,0.07310486,0.2418518,0.28590393,0.02798462,0.02583313,0.09651184,0.18721008,0.10775757,0.0440979,0.123184204,0.38742065
coast_n295027.jpg,0.03665161,0.060577393,0.19252014,0.23451233,0.16355896,0.22174072,0.08338928,0.0070495605,0.039215088,0.15026855,0.15705872,0.15299988,0.18382263,0.20962524,0.09819031,0.00881958,0.04081726,0.17474365,0.13713074,0.10609436,0.1771698,0.2492981,0.10307312,0.011672974
coast_n603063.jpg,0.003768921,0.08584595,0.12033081,0.12121582,0.082351685,0.12660217,0.29826355,0.1616211,0.097961426,0.13513184,0.13116455,0.13954163,0.37513733,0.12106323,0.0,0.0,0.075790405,0.22131348,0.19207764,0.43330383,0.07751465,0.0,0.0,0.0
coast_land371.jpg,0.000289917,0.17501831,0.25402832,0.0552063,0.47221375,0.02420044,0.0110321045,0.008010864,0.0001373291,0.027008057,0.38204956,0.07487488,0.47427368,0.023620605,0.010421753,0.0076141357,0.0,0.0016174316,0.076538086,0.36143494,0.06297302,0.4678955,0.016601562,0.012939453
coast_nat639.jpg,0.027999878,0.13192749,0.17193604,0.16123962,0.059768677,0.19194031,0.22593689,0.029251099,0.047912598,0.18405151,0.16168213,0.11444092,0.055358887,0.16926575,0.24668884,0.020599365,0.06112671,0.15275574,0.14738464,0.15068054,0.07142639,0.24971008,0.16452026,0.0023956299
coast_cdmc922.jpg,0.04119873,0.09190369,0.26815796,0.2846527,0.10206604,0.14483643,0.05783081,0.009353638,0.06436157,0.17855835,0.32987976,0.14274597,0.0934906,0.13925171,0.04486084,0.0068511963,0.017837524,0.19654846,0.33616638,0.15620422,0.0921936,0.138031,0.05671692,0.00630188
coast_cdmc851.jpg,0.29586792,0.27101135,0.10432434,0.08218384,0.0683136,0.09710693,0.07574463,0.0054473877,0.1816864,0.3138275,0.1749115,0.094680786,0.06411743,0.04914856,0.062179565,0.059448242,0.04319763,0.17282104,0.33276367,0.21447754,0.054382324,0.041244507,0.052841187,0.088272095
coast_n241018.jpg,0.4540863,0.19535828,0.2019043,0.08003235,0.028869629,0.016281128,0.012283325,0.011184692,0.4341278,0.21614075,0.24403381,0.06614685,0.016601562,0.011291504,0.008865356,0.0027923584,0.36694336,0.1338501,0.27178955,0.18348694,0.02532959,0.012619019,0.005630493,0.00035095215
coast_cdmc889.jpg,0.017227173,0.07209778,0.2631836,0.110321045,0.29675293,0.24029541,0.00012207031,0.0,0.03147888,0.051605225,0.22317505,0.16729736,0.08395386,0.4423828,0.00010681152,0.0,0.03237915,0.040740967,0.027114868,0.07066345,0.26493835,0.06289673,0.008834839,0.49243164
coast_cdmc891.jpg,0.40480042,0.264328,0.15205383,0.079818726,0.041732788,0.023910522,0.014709473,0.01864624,0.21174622,0.3196411,0.22756958,0.11883545,0.05871582,0.03366089,0.016296387,0.013534546,0.13842773,0.30137634,0.2662506,0.14144897,0.094696045,0.040145874,0.01260376,0.005050659
coast_land253.jpg,0.060165405,0.19483948,0.10102844,0.11280823,0.11685181,0.06288147,0.045074463,0.3063507,0.3065796,0.1782074,0.17886353,0.0823822,0.057388306,0.041412354,0.040100098,0.11506653,0.90205383,0.07752991,0.00920105,0.002456665,0.001953125,0.0014190674,0.0015411377,0.0038452148
coast_nat1074.jpg,0.10684204,0.39128113,0.14614868,0.09565735,0.13934326,0.080444336,0.016220093,0.02406311,0.024032593,0.12063599,0.35536194,0.1628418,0.14805603,0.14971924,0.02204895,0.017303467,0.045074463,0.081848145,0.1933899,0.29692078,0.063690186,0.061660767,0.13789368,0.119522095
coast_n203004.jpg,0.17904663,0.08720398,0.09535217,0.17323303,0.254776,0.05671692,0.060775757,0.09289551,0.11088562,0.076293945,0.054138184,0.062210083,0.21420288,0.14762878,0.21052551,0.12411499,0.14646912,0.0834198,0.05041504,0.05039978,0.111587524,0.24417114,0.2635193,0.05001831
coast_nat700.jpg,0.024673462,0.07373047,0.084365845,0.05067444,0.121780396,0.1775055,0.17456055,0.29270935,0.01473999,0.053222656,0.031143188,0.08052063,0.2337799,0.12727356,0.24505615,0.21426392,0.02897644,0.059173584,0.01159668,0.009490967,0.16415405,0.24249268,0.18115234,0.30296326
coast_land309.jpg,0.013717651,0.32102966,0.36157227,0.07397461,0.20025635,0.009140015,0.007675171,0.012634277,0.008804321,0.061203003,0.32852173,0.36158752,0.1937561,0.03488159,0.008926392,0.002319336,0.079452515,0.15673828,0.08981323,0.11534119,0.34117126,0.018920898,0.19850159,6.1035156e-05
coast_nat1201.jpg,0.0,0.02949524,0.29681396,0.14518738,0.4820099,0.045776367,0.00047302246,0.00024414062,0.0,0.00016784668,0.14733887,0.29481506,0.4459839,0.11109924,0.0004119873,0.00018310547,0.0,0.00010681152,0.09877014,0.3343506,0.56518555,0.0012969971,0.0002746582,1.5258789e-05
coast_cdmc940.jpg,0.014389038,0.029800415,0.042175293,0.06478882,0.1280365,0.11682129,0.17507935,0.4289093,0.015914917,0.022842407,0.041290283,0.055877686,0.13850403,0.114746094,0.18043518,0.4303894,0.014404297,0.018478394,0.03463745,0.05378723,0.13078308,0.11845398,0.056671143,0.5727844
coast_nat285.jpg,0.34620667,0.11856079,0.1565857,0.21434021,0.15919495,0.0051116943,0.0,0.0,0.3314972,0.1967926,0.24157715,0.117492676,0.061141968,0.051498413,0.0,0.0,0.15536499,0.51756287,0.22453308,0.03982544,0.016143799,0.011352539,0.010284424,0.024932861
coast_n286045.jpg,0.019104004,0.004257202,0.011627197,0.3113556,0.21913147,0.102127075,0.16764832,0.16474915,0.0052948,0.01184082,0.006164551,0.061798096,0.48550415,0.30181885,0.12756348,1.5258789e-05,0.00065612793,0.008255005,0.022964478,0.6037903,0.3639984,0.00033569336,0.0,0.0
coast_cdmc948.jpg,0.0056762695,0.032913208,0.121795654,0.24890137,0.13838196,0.12519836,0.14550781,0.18162537,0.006454468,0.034805298,0.10243225,0.18826294,0.12193298,0.19113159,0.103134155,0.2518463,0.0066375732,0.043441772,0.10673523,0.15176392,0.11143494,0.16593933,0.13223267,0.28181458
